timestamp,value,pod
2026-08-16 11:30:18.549,1667956736.0,bert-inference-69f8cc488d-9hq65
2026-08-16 11:30:18.549,1248837632.0,bert-inference-69f8cc488d-m5cvt
2026-08-16 11:30:23.549,1248837632.0,bert-inference-69f8cc488d-m5cvt
2026-08-16 11:30:23.549,1667706880.0,bert-inference-69f8cc488d-9hq65
2026-08-16 11:30:28.549,1667706880.0,bert-inference-69f8cc488d-9hq65
2026-08-16 11:30:28.549,1248837632.0,bert-inference-69f8cc488d-m5cvt
2026-08-16 11:30:33.549,1667706880.0,bert-inference-69f8cc488d-9hq65
2026-08-16 11:30:33.549,1248595968.0,bert-inference-69f8cc488d-m5cvt
2026-08-16 11:30:38.549,1667706880.0,bert-inference-69f8cc488d-9hq65
2026-08-16 11:30:38.549,1248595968.0,bert-inference-69f8cc488d-m5cvt
2026-08-16 11:30:43.549,1248595968.0,bert-inference-69f8cc488d-m5cvt
2026-08-16 11:30:43.549,1667706880.0,bert-inference-69f8cc488d-9hq65
2026-08-16 11:30:48.549,1248616448.0,bert-inference-69f8cc488d-m5cvt
2026-08-16 11:30:48.549,1667706880.0,bert-inference-69f8cc488d-9hq65
2026-08-16 11:30:53.549,1248616448.0,bert-inference-69f8cc488d-m5cvt
2026-08-16 11:30:53.549,1667706880.0,bert-inference-69f8cc488d-9hq65
2026-08-16 11:30:58.549,1248821248.0,bert-inference-69f8cc488d-m5cvt
2026-08-16 11:30:58.549,1667706880.0,bert-inference-69f8cc488d-9hq65
2026-08-16 11:31:03.549,1248821248.0,bert-inference-69f8cc488d-m5cvt
2026-08-16 11:31:03.549,1667706880.0,bert-inference-69f8cc488d-9hq65
2026-08-16 11:31:08.549,1248821248.0,bert-inference-69f8cc488d-m5cvt
2026-08-16 11:31:08.549,1667706880.0,bert-inference-69f8cc488d-9hq65
2026-08-16 11:31:13.549,1248821248.0,bert-inference-69f8cc488d-m5cvt
2026-08-16 11:31:13.549,1667932160.0,bert-inference-69f8cc488d-9hq65
2026-08-16 11:31:18.549,1667932160.0,bert-inference-69f8cc488d-9hq65
2026-08-16 11:31:18.549,1248817152.0,bert-inference-69f8cc488d-m5cvt
2026-08-16 11:31:23.549,1667932160.0,bert-inference-69f8cc488d-9hq65
2026-08-16 11:31:23.549,1248817152.0,bert-inference-69f8cc488d-m5cvt
2026-08-16 11:31:28.549,1667743744.0,bert-inference-69f8cc488d-9hq65
2026-08-16 11:31:28.549,1248882688.0,bert-inference-69f8cc488d-m5cvt
2026-08-16 11:31:33.549,1248882688.0,bert-inference-69f8cc488d-m5cvt
2026-08-16 11:31:33.549,1667743744.0,bert-inference-69f8cc488d-9hq65
2026-08-16 11:31:38.549,1667973120.0,bert-inference-69f8cc488d-9hq65
2026-08-16 11:31:38.549,1248882688.0,bert-inference-69f8cc488d-m5cvt
2026-08-16 11:31:43.549,1667973120.0,bert-inference-69f8cc488d-9hq65
2026-08-16 11:31:43.549,1248833536.0,bert-inference-69f8cc488d-m5cvt
2026-08-16 11:31:48.549,1667973120.0,bert-inference-69f8cc488d-9hq65
2026-08-16 11:31:48.549,1248833536.0,bert-inference-69f8cc488d-m5cvt
2026-08-16 11:31:53.549,1667973120.0,bert-inference-69f8cc488d-9hq65
2026-08-16 11:31:53.549,1248821248.0,bert-inference-69f8cc488d-m5cvt
2026-08-16 11:31:58.549,1248821248.0,bert-inference-69f8cc488d-m5cvt
2026-08-16 11:31:58.549,1667932160.0,bert-inference-69f8cc488d-9hq65
2026-08-16 11:32:03.549,1248624640.0,bert-inference-69f8cc488d-m5cvt
2026-08-16 11:32:03.549,1667932160.0,bert-inference-69f8cc488d-9hq65
2026-08-16 11:32:08.549,1248624640.0,bert-inference-69f8cc488d-m5cvt
2026-08-16 11:32:08.549,1667960832.0,bert-inference-69f8cc488d-9hq65
2026-08-16 11:32:13.549,1667960832.0,bert-inference-69f8cc488d-9hq65
2026-08-16 11:32:13.549,1248624640.0,bert-inference-69f8cc488d-m5cvt
2026-08-16 11:32:18.549,1248595968.0,bert-inference-69f8cc488d-m5cvt
2026-08-16 11:32:18.549,1667928064.0,bert-inference-69f8cc488d-9hq65
2026-08-16 11:32:23.549,1667928064.0,bert-inference-69f8cc488d-9hq65
2026-08-16 11:32:23.549,1248595968.0,bert-inference-69f8cc488d-m5cvt
2026-08-16 11:32:28.549,1667710976.0,bert-inference-69f8cc488d-9hq65
2026-08-16 11:32:28.549,1248595968.0,bert-inference-69f8cc488d-m5cvt
2026-08-16 11:32:33.549,1248600064.0,bert-inference-69f8cc488d-m5cvt
2026-08-16 11:32:33.549,1667710976.0,bert-inference-69f8cc488d-9hq65
2026-08-16 11:32:38.549,1248600064.0,bert-inference-69f8cc488d-m5cvt
2026-08-16 11:32:38.549,1667710976.0,bert-inference-69f8cc488d-9hq65
2026-08-16 11:32:43.549,1667719168.0,bert-inference-69f8cc488d-9hq65
2026-08-16 11:32:43.549,1248600064.0,bert-inference-69f8cc488d-m5cvt
2026-08-16 11:32:48.549,1248600064.0,bert-inference-69f8cc488d-m5cvt
2026-08-16 11:32:48.549,1667719168.0,bert-inference-69f8cc488d-9hq65
2026-08-16 11:32:53.549,1248600064.0,bert-inference-69f8cc488d-m5cvt
2026-08-16 11:32:53.549,1667719168.0,bert-inference-69f8cc488d-9hq65
2026-08-16 11:32:58.549,1667719168.0,bert-inference-69f8cc488d-9hq65
2026-08-16 11:32:58.549,1248608256.0,bert-inference-69f8cc488d-m5cvt
2026-08-16 11:33:03.549,1667719168.0,bert-inference-69f8cc488d-9hq65
2026-08-16 11:33:03.549,1248608256.0,bert-inference-69f8cc488d-m5cvt
2026-08-16 11:33:08.549,1248608256.0,bert-inference-69f8cc488d-m5cvt
2026-08-16 11:33:08.549,1667960832.0,bert-inference-69f8cc488d-9hq65
2026-08-16 11:33:13.549,1248612352.0,bert-inference-69f8cc488d-m5cvt
2026-08-16 11:33:13.549,1667960832.0,bert-inference-69f8cc488d-9hq65
2026-08-16 11:33:18.549,1667960832.0,bert-inference-69f8cc488d-9hq65
2026-08-16 11:33:18.549,1248612352.0,bert-inference-69f8cc488d-m5cvt
2026-08-16 11:33:23.549,1667719168.0,bert-inference-69f8cc488d-9hq65
2026-08-16 11:33:23.549,1248870400.0,bert-inference-69f8cc488d-m5cvt
2026-08-16 11:33:28.549,1248870400.0,bert-inference-69f8cc488d-m5cvt
2026-08-16 11:33:28.549,1667719168.0,bert-inference-69f8cc488d-9hq65
2026-08-16 11:33:33.549,1248870400.0,bert-inference-69f8cc488d-m5cvt
2026-08-16 11:33:33.549,1667747840.0,bert-inference-69f8cc488d-9hq65
2026-08-16 11:33:38.549,1667747840.0,bert-inference-69f8cc488d-9hq65
2026-08-16 11:33:38.549,1248612352.0,bert-inference-69f8cc488d-m5cvt
2026-08-16 11:33:43.549,1248612352.0,bert-inference-69f8cc488d-m5cvt
2026-08-16 11:33:43.549,1667747840.0,bert-inference-69f8cc488d-9hq65
2026-08-16 11:33:48.549,1667743744.0,bert-inference-69f8cc488d-9hq65
2026-08-16 11:33:48.549,1248612352.0,bert-inference-69f8cc488d-m5cvt
2026-08-16 11:33:53.549,1248612352.0,bert-inference-69f8cc488d-m5cvt
2026-08-16 11:33:53.549,1667743744.0,bert-inference-69f8cc488d-9hq65
2026-08-16 11:33:58.549,1667743744.0,bert-inference-69f8cc488d-9hq65
2026-08-16 11:33:58.549,1248612352.0,bert-inference-69f8cc488d-m5cvt
2026-08-16 11:34:03.549,1667723264.0,bert-inference-69f8cc488d-9hq65
2026-08-16 11:34:03.549,1248612352.0,bert-inference-69f8cc488d-m5cvt
2026-08-16 11:34:08.549,1667723264.0,bert-inference-69f8cc488d-9hq65
2026-08-16 11:34:08.549,1248612352.0,bert-inference-69f8cc488d-m5cvt
2026-08-16 11:34:13.549,1249124352.0,bert-inference-69f8cc488d-m5cvt
2026-08-16 11:34:13.549,1668235264.0,bert-inference-69f8cc488d-9hq65
2026-08-16 11:34:18.549,1249124352.0,bert-inference-69f8cc488d-m5cvt
2026-08-16 11:34:18.549,1668235264.0,bert-inference-69f8cc488d-9hq65
2026-08-16 11:34:23.549,1668235264.0,bert-inference-69f8cc488d-9hq65
2026-08-16 11:34:23.549,1249124352.0,bert-inference-69f8cc488d-m5cvt
2026-08-16 11:34:28.549,1249124352.0,bert-inference-69f8cc488d-m5cvt
2026-08-16 11:34:28.549,1668235264.0,bert-inference-69f8cc488d-9hq65
2026-08-16 11:34:33.549,1667772416.0,bert-inference-69f8cc488d-9hq65
2026-08-16 11:34:33.549,1248624640.0,bert-inference-69f8cc488d-m5cvt
2026-08-16 11:34:38.549,1667772416.0,bert-inference-69f8cc488d-9hq65
2026-08-16 11:34:38.549,1248624640.0,bert-inference-69f8cc488d-m5cvt
2026-08-16 11:34:43.549,1248624640.0,bert-inference-69f8cc488d-m5cvt
2026-08-16 11:34:43.549,1667723264.0,bert-inference-69f8cc488d-9hq65
2026-08-16 11:34:48.549,1248653312.0,bert-inference-69f8cc488d-m5cvt
2026-08-16 11:34:48.549,1667723264.0,bert-inference-69f8cc488d-9hq65
2026-08-16 11:34:53.549,1248653312.0,bert-inference-69f8cc488d-m5cvt
2026-08-16 11:34:53.549,1668005888.0,bert-inference-69f8cc488d-9hq65
2026-08-16 11:34:58.549,1248653312.0,bert-inference-69f8cc488d-m5cvt
2026-08-16 11:34:58.549,1668005888.0,bert-inference-69f8cc488d-9hq65
2026-08-16 11:35:03.549,1248862208.0,bert-inference-69f8cc488d-m5cvt
2026-08-16 11:35:03.549,1668005888.0,bert-inference-69f8cc488d-9hq65
2026-08-16 11:35:08.549,1248862208.0,bert-inference-69f8cc488d-m5cvt
2026-08-16 11:35:08.549,1668005888.0,bert-inference-69f8cc488d-9hq65
2026-08-16 11:35:13.549,1668009984.0,bert-inference-69f8cc488d-9hq65
2026-08-16 11:35:13.549,1248862208.0,bert-inference-69f8cc488d-m5cvt
2026-08-16 11:35:18.549,1668009984.0,bert-inference-69f8cc488d-9hq65
2026-08-16 11:35:18.549,1248649216.0,bert-inference-69f8cc488d-m5cvt
2026-08-16 11:35:23.549,1667772416.0,bert-inference-69f8cc488d-9hq65
2026-08-16 11:35:23.549,1248649216.0,bert-inference-69f8cc488d-m5cvt
2026-08-16 11:35:28.549,1667772416.0,bert-inference-69f8cc488d-9hq65
2026-08-16 11:35:28.549,1248649216.0,bert-inference-69f8cc488d-m5cvt
2026-08-16 11:35:33.549,1667780608.0,bert-inference-69f8cc488d-9hq65
2026-08-16 11:35:33.549,1248649216.0,bert-inference-69f8cc488d-m5cvt
2026-08-16 11:35:38.549,1667780608.0,bert-inference-69f8cc488d-9hq65
2026-08-16 11:35:38.549,1248681984.0,bert-inference-69f8cc488d-m5cvt
2026-08-16 11:35:43.549,1667780608.0,bert-inference-69f8cc488d-9hq65
2026-08-16 11:35:43.549,1248681984.0,bert-inference-69f8cc488d-m5cvt
2026-08-16 11:35:48.549,1668067328.0,bert-inference-69f8cc488d-9hq65
2026-08-16 11:35:48.549,1248681984.0,bert-inference-69f8cc488d-m5cvt
2026-08-16 11:35:53.549,1668067328.0,bert-inference-69f8cc488d-9hq65
2026-08-16 11:35:53.549,1248948224.0,bert-inference-69f8cc488d-m5cvt
2026-08-16 11:35:58.549,1668067328.0,bert-inference-69f8cc488d-9hq65
2026-08-16 11:35:58.549,1248948224.0,bert-inference-69f8cc488d-m5cvt
2026-08-16 11:36:03.549,1667825664.0,bert-inference-69f8cc488d-9hq65
2026-08-16 11:36:03.549,1249206272.0,bert-inference-69f8cc488d-m5cvt
2026-08-16 11:36:08.549,1667825664.0,bert-inference-69f8cc488d-9hq65
2026-08-16 11:36:08.549,1249206272.0,bert-inference-69f8cc488d-m5cvt
2026-08-16 11:36:13.549,1667825664.0,bert-inference-69f8cc488d-9hq65
2026-08-16 11:36:13.549,1249206272.0,bert-inference-69f8cc488d-m5cvt
2026-08-16 11:36:18.549,1667825664.0,bert-inference-69f8cc488d-9hq65
2026-08-16 11:36:18.549,1248997376.0,bert-inference-69f8cc488d-m5cvt
2026-08-16 11:36:23.549,1248997376.0,bert-inference-69f8cc488d-m5cvt
2026-08-16 11:36:23.549,1667825664.0,bert-inference-69f8cc488d-9hq65
2026-08-16 11:36:28.549,1248997376.0,bert-inference-69f8cc488d-m5cvt
2026-08-16 11:36:28.549,1667825664.0,bert-inference-69f8cc488d-9hq65
2026-08-16 11:36:33.549,1248997376.0,bert-inference-69f8cc488d-m5cvt
2026-08-16 11:36:33.549,1667825664.0,bert-inference-69f8cc488d-9hq65
2026-08-16 11:36:38.549,1249009664.0,bert-inference-69f8cc488d-m5cvt
2026-08-16 11:36:38.549,1667862528.0,bert-inference-69f8cc488d-9hq65
2026-08-16 11:36:43.549,1667862528.0,bert-inference-69f8cc488d-9hq65
2026-08-16 11:36:43.549,1249009664.0,bert-inference-69f8cc488d-m5cvt
2026-08-16 11:36:48.549,1667854336.0,bert-inference-69f8cc488d-9hq65
2026-08-16 11:36:48.549,1249009664.0,bert-inference-69f8cc488d-m5cvt
2026-08-16 11:36:53.549,1667854336.0,bert-inference-69f8cc488d-9hq65
2026-08-16 11:36:53.549,1249009664.0,bert-inference-69f8cc488d-m5cvt
2026-08-16 11:36:58.549,1667899392.0,bert-inference-69f8cc488d-9hq65
2026-08-16 11:36:58.549,1248747520.0,bert-inference-69f8cc488d-m5cvt
2026-08-16 11:37:03.549,1667899392.0,bert-inference-69f8cc488d-9hq65
2026-08-16 11:37:03.549,1248747520.0,bert-inference-69f8cc488d-m5cvt
2026-08-16 11:37:08.549,1667899392.0,bert-inference-69f8cc488d-9hq65
2026-08-16 11:37:08.549,1248751616.0,bert-inference-69f8cc488d-m5cvt
2026-08-16 11:37:13.549,1667878912.0,bert-inference-69f8cc488d-9hq65
2026-08-16 11:37:13.549,1248751616.0,bert-inference-69f8cc488d-m5cvt
2026-08-16 11:37:18.549,1667878912.0,bert-inference-69f8cc488d-9hq65
2026-08-16 11:37:18.549,1248751616.0,bert-inference-69f8cc488d-m5cvt
2026-08-16 11:37:23.549,1667878912.0,bert-inference-69f8cc488d-9hq65
2026-08-16 11:37:23.549,1248747520.0,bert-inference-69f8cc488d-m5cvt
2026-08-16 11:37:28.549,1668128768.0,bert-inference-69f8cc488d-9hq65
2026-08-16 11:37:28.549,1248747520.0,bert-inference-69f8cc488d-m5cvt
2026-08-16 11:37:33.549,1668128768.0,bert-inference-69f8cc488d-9hq65
2026-08-16 11:37:33.549,1249255424.0,bert-inference-69f8cc488d-m5cvt
2026-08-16 11:37:38.549,1668128768.0,bert-inference-69f8cc488d-9hq65
2026-08-16 11:37:38.549,1249255424.0,bert-inference-69f8cc488d-m5cvt
2026-08-16 11:37:43.549,1249255424.0,bert-inference-69f8cc488d-m5cvt
2026-08-16 11:37:43.549,1668128768.0,bert-inference-69f8cc488d-9hq65
2026-08-16 11:37:48.549,1249255424.0,bert-inference-69f8cc488d-m5cvt
2026-08-16 11:37:48.549,1667899392.0,bert-inference-69f8cc488d-9hq65
2026-08-16 11:37:53.549,1248780288.0,bert-inference-69f8cc488d-m5cvt
2026-08-16 11:37:53.549,1667899392.0,bert-inference-69f8cc488d-9hq65
2026-08-16 11:37:58.549,1248780288.0,bert-inference-69f8cc488d-m5cvt
2026-08-16 11:37:58.549,1667899392.0,bert-inference-69f8cc488d-9hq65
2026-08-16 11:38:03.549,1667899392.0,bert-inference-69f8cc488d-9hq65
2026-08-16 11:38:03.549,1248780288.0,bert-inference-69f8cc488d-m5cvt
2026-08-16 11:38:08.549,1667899392.0,bert-inference-69f8cc488d-9hq65
2026-08-16 11:38:08.549,1248800768.0,bert-inference-69f8cc488d-m5cvt
2026-08-16 11:38:13.549,1248800768.0,bert-inference-69f8cc488d-m5cvt
2026-08-16 11:38:13.549,1667891200.0,bert-inference-69f8cc488d-9hq65
2026-08-16 11:38:18.549,1667891200.0,bert-inference-69f8cc488d-9hq65
2026-08-16 11:38:18.549,1248800768.0,bert-inference-69f8cc488d-m5cvt
2026-08-16 11:38:23.549,1667928064.0,bert-inference-69f8cc488d-9hq65
2026-08-16 11:38:23.549,1248804864.0,bert-inference-69f8cc488d-m5cvt
2026-08-16 11:38:28.549,1667928064.0,bert-inference-69f8cc488d-9hq65
2026-08-16 11:38:28.549,1248804864.0,bert-inference-69f8cc488d-m5cvt
2026-08-16 11:38:33.549,1248804864.0,bert-inference-69f8cc488d-m5cvt
2026-08-16 11:38:33.549,1667928064.0,bert-inference-69f8cc488d-9hq65
2026-08-16 11:38:38.549,1667928064.0,bert-inference-69f8cc488d-9hq65
2026-08-16 11:38:38.549,1248804864.0,bert-inference-69f8cc488d-m5cvt
2026-08-16 11:38:43.549,1249034240.0,bert-inference-69f8cc488d-m5cvt
2026-08-16 11:38:43.549,1668169728.0,bert-inference-69f8cc488d-9hq65
2026-08-16 11:38:48.549,1668169728.0,bert-inference-69f8cc488d-9hq65
2026-08-16 11:38:48.549,1249034240.0,bert-inference-69f8cc488d-m5cvt
2026-08-16 11:38:53.549,1668182016.0,bert-inference-69f8cc488d-9hq65
2026-08-16 11:38:53.549,1249054720.0,bert-inference-69f8cc488d-m5cvt
2026-08-16 11:38:58.549,1668182016.0,bert-inference-69f8cc488d-9hq65
2026-08-16 11:38:58.549,1249054720.0,bert-inference-69f8cc488d-m5cvt
2026-08-16 11:39:03.549,1249054720.0,bert-inference-69f8cc488d-m5cvt
2026-08-16 11:39:03.549,1668182016.0,bert-inference-69f8cc488d-9hq65
2026-08-16 11:39:08.549,1668931584.0,bert-inference-69f8cc488d-9hq65
2026-08-16 11:39:08.549,1248829440.0,bert-inference-69f8cc488d-m5cvt
2026-08-16 11:39:13.549,1248829440.0,bert-inference-69f8cc488d-m5cvt
2026-08-16 11:39:13.549,1668931584.0,bert-inference-69f8cc488d-9hq65
2026-08-16 11:39:18.549,1667985408.0,bert-inference-69f8cc488d-9hq65
2026-08-16 11:39:18.549,1248829440.0,bert-inference-69f8cc488d-m5cvt
2026-08-16 11:39:23.549,1667985408.0,bert-inference-69f8cc488d-9hq65
2026-08-16 11:39:23.549,1248845824.0,bert-inference-69f8cc488d-m5cvt
2026-08-16 11:39:28.549,1667985408.0,bert-inference-69f8cc488d-9hq65
2026-08-16 11:39:28.549,1248845824.0,bert-inference-69f8cc488d-m5cvt
2026-08-16 11:39:33.549,1667985408.0,bert-inference-69f8cc488d-9hq65
2026-08-16 11:39:33.549,1248845824.0,bert-inference-69f8cc488d-m5cvt
2026-08-16 11:39:38.549,1667964928.0,bert-inference-69f8cc488d-9hq65
2026-08-16 11:39:38.549,1248845824.0,bert-inference-69f8cc488d-m5cvt
2026-08-16 11:39:43.549,1667964928.0,bert-inference-69f8cc488d-9hq65
2026-08-16 11:39:43.549,1248882688.0,bert-inference-69f8cc488d-m5cvt
2026-08-16 11:39:48.549,1667964928.0,bert-inference-69f8cc488d-9hq65
2026-08-16 11:39:48.549,1248882688.0,bert-inference-69f8cc488d-m5cvt
2026-08-16 11:39:53.549,1667964928.0,bert-inference-69f8cc488d-9hq65
2026-08-16 11:39:53.549,1248866304.0,bert-inference-69f8cc488d-m5cvt
2026-08-16 11:39:58.549,1248866304.0,bert-inference-69f8cc488d-m5cvt
2026-08-16 11:39:58.549,1667969024.0,bert-inference-69f8cc488d-9hq65
2026-08-16 11:40:03.549,1248866304.0,bert-inference-69f8cc488d-m5cvt
2026-08-16 11:40:03.549,1667969024.0,bert-inference-69f8cc488d-9hq65
2026-08-16 11:40:08.549,1667969024.0,bert-inference-69f8cc488d-9hq65
2026-08-16 11:40:08.549,1248890880.0,bert-inference-69f8cc488d-m5cvt
2026-08-16 11:40:13.549,1667969024.0,bert-inference-69f8cc488d-9hq65
2026-08-16 11:40:13.549,1248890880.0,bert-inference-69f8cc488d-m5cvt
2026-08-16 11:40:18.549,1667989504.0,bert-inference-69f8cc488d-9hq65
2026-08-16 11:40:18.549,1249136640.0,bert-inference-69f8cc488d-m5cvt
2026-08-16 11:40:23.549,1249136640.0,bert-inference-69f8cc488d-m5cvt
2026-08-16 11:40:23.549,1667989504.0,bert-inference-69f8cc488d-9hq65
2026-08-16 11:40:28.549,1248874496.0,bert-inference-69f8cc488d-m5cvt
2026-08-16 11:40:28.549,1667989504.0,bert-inference-69f8cc488d-9hq65
2026-08-16 11:40:33.549,1668513792.0,bert-inference-69f8cc488d-9hq65
2026-08-16 11:40:33.549,1248874496.0,bert-inference-69f8cc488d-m5cvt
2026-08-16 11:40:38.549,1248894976.0,bert-inference-69f8cc488d-m5cvt
2026-08-16 11:40:38.549,1668513792.0,bert-inference-69f8cc488d-9hq65
2026-08-16 11:40:43.549,1668513792.0,bert-inference-69f8cc488d-9hq65
2026-08-16 11:40:43.549,1248894976.0,bert-inference-69f8cc488d-m5cvt
2026-08-16 11:40:48.549,1668268032.0,bert-inference-69f8cc488d-9hq65
2026-08-16 11:40:48.549,1248894976.0,bert-inference-69f8cc488d-m5cvt
2026-08-16 11:40:53.549,1668268032.0,bert-inference-69f8cc488d-9hq65
2026-08-16 11:40:53.549,1248894976.0,bert-inference-69f8cc488d-m5cvt
2026-08-16 11:40:58.549,1668268032.0,bert-inference-69f8cc488d-9hq65
2026-08-16 11:40:58.549,1249435648.0,bert-inference-69f8cc488d-m5cvt
2026-08-16 11:41:03.549,1249435648.0,bert-inference-69f8cc488d-m5cvt
2026-08-16 11:41:03.549,1668268032.0,bert-inference-69f8cc488d-9hq65
2026-08-16 11:41:08.549,1668263936.0,bert-inference-69f8cc488d-9hq65
2026-08-16 11:41:08.549,1249435648.0,bert-inference-69f8cc488d-m5cvt
2026-08-16 11:41:13.549,1668263936.0,bert-inference-69f8cc488d-9hq65
2026-08-16 11:41:13.549,1248927744.0,bert-inference-69f8cc488d-m5cvt
2026-08-16 11:41:18.549,1248927744.0,bert-inference-69f8cc488d-m5cvt
2026-08-16 11:41:18.549,1668263936.0,bert-inference-69f8cc488d-9hq65
2026-08-16 11:41:23.549,1249415168.0,bert-inference-69f8cc488d-m5cvt
2026-08-16 11:41:23.549,1668296704.0,bert-inference-69f8cc488d-9hq65
2026-08-16 11:41:28.549,1668296704.0,bert-inference-69f8cc488d-9hq65
2026-08-16 11:41:28.549,1249415168.0,bert-inference-69f8cc488d-m5cvt
2026-08-16 11:41:33.549,1249415168.0,bert-inference-69f8cc488d-m5cvt
2026-08-16 11:41:33.549,1668296704.0,bert-inference-69f8cc488d-9hq65
2026-08-16 11:41:38.549,1249415168.0,bert-inference-69f8cc488d-m5cvt
2026-08-16 11:41:38.549,1668038656.0,bert-inference-69f8cc488d-9hq65
2026-08-16 11:41:43.549,1248940032.0,bert-inference-69f8cc488d-m5cvt
2026-08-16 11:41:43.549,1668038656.0,bert-inference-69f8cc488d-9hq65
2026-08-16 11:41:48.549,1248940032.0,bert-inference-69f8cc488d-m5cvt
2026-08-16 11:41:48.549,1668071424.0,bert-inference-69f8cc488d-9hq65
2026-08-16 11:41:53.549,1248940032.0,bert-inference-69f8cc488d-m5cvt
2026-08-16 11:41:53.549,1668071424.0,bert-inference-69f8cc488d-9hq65
2026-08-16 11:41:58.549,1248993280.0,bert-inference-69f8cc488d-m5cvt
2026-08-16 11:41:58.549,1668071424.0,bert-inference-69f8cc488d-9hq65
2026-08-16 11:42:03.549,1248993280.0,bert-inference-69f8cc488d-m5cvt
2026-08-16 11:42:03.549,1668087808.0,bert-inference-69f8cc488d-9hq65
2026-08-16 11:42:08.549,1248993280.0,bert-inference-69f8cc488d-m5cvt
2026-08-16 11:42:08.549,1668087808.0,bert-inference-69f8cc488d-9hq65
2026-08-16 11:42:13.549,1248980992.0,bert-inference-69f8cc488d-m5cvt
2026-08-16 11:42:13.549,1668112384.0,bert-inference-69f8cc488d-9hq65
2026-08-16 11:42:18.549,1248980992.0,bert-inference-69f8cc488d-m5cvt
2026-08-16 11:42:18.549,1668112384.0,bert-inference-69f8cc488d-9hq65
2026-08-16 11:42:23.549,1249255424.0,bert-inference-69f8cc488d-m5cvt
2026-08-16 11:42:23.549,1668112384.0,bert-inference-69f8cc488d-9hq65
2026-08-16 11:42:28.549,1249255424.0,bert-inference-69f8cc488d-m5cvt
2026-08-16 11:42:28.549,1668112384.0,bert-inference-69f8cc488d-9hq65
2026-08-16 11:42:33.549,1249267712.0,bert-inference-69f8cc488d-m5cvt
2026-08-16 11:42:33.549,1668120576.0,bert-inference-69f8cc488d-9hq65
2026-08-16 11:42:38.549,1249267712.0,bert-inference-69f8cc488d-m5cvt
2026-08-16 11:42:38.549,1668120576.0,bert-inference-69f8cc488d-9hq65
2026-08-16 11:42:43.549,1668124672.0,bert-inference-69f8cc488d-9hq65
2026-08-16 11:42:43.549,1249267712.0,bert-inference-69f8cc488d-m5cvt
2026-08-16 11:42:48.549,1668124672.0,bert-inference-69f8cc488d-9hq65
2026-08-16 11:42:48.549,1249021952.0,bert-inference-69f8cc488d-m5cvt
2026-08-16 11:42:53.549,1668124672.0,bert-inference-69f8cc488d-9hq65
2026-08-16 11:42:53.549,1249021952.0,bert-inference-69f8cc488d-m5cvt
2026-08-16 11:42:58.549,1668177920.0,bert-inference-69f8cc488d-9hq65
2026-08-16 11:42:58.549,1249021952.0,bert-inference-69f8cc488d-m5cvt
2026-08-16 11:43:03.549,1668177920.0,bert-inference-69f8cc488d-9hq65
2026-08-16 11:43:03.549,1249042432.0,bert-inference-69f8cc488d-m5cvt
2026-08-16 11:43:08.549,1668177920.0,bert-inference-69f8cc488d-9hq65
2026-08-16 11:43:08.549,1249042432.0,bert-inference-69f8cc488d-m5cvt
2026-08-16 11:43:13.549,1668177920.0,bert-inference-69f8cc488d-9hq65
2026-08-16 11:43:13.549,1249042432.0,bert-inference-69f8cc488d-m5cvt
2026-08-16 11:43:18.549,1668186112.0,bert-inference-69f8cc488d-9hq65
2026-08-16 11:43:18.549,1249042432.0,bert-inference-69f8cc488d-m5cvt
2026-08-16 11:43:23.549,1668186112.0,bert-inference-69f8cc488d-9hq65
2026-08-16 11:43:23.549,1249308672.0,bert-inference-69f8cc488d-m5cvt
2026-08-16 11:43:28.549,1249308672.0,bert-inference-69f8cc488d-m5cvt
2026-08-16 11:43:28.549,1668186112.0,bert-inference-69f8cc488d-9hq65
2026-08-16 11:43:33.549,1249341440.0,bert-inference-69f8cc488d-m5cvt
2026-08-16 11:43:33.549,1668730880.0,bert-inference-69f8cc488d-9hq65
2026-08-16 11:43:38.549,1249341440.0,bert-inference-69f8cc488d-m5cvt
2026-08-16 11:43:38.549,1668730880.0,bert-inference-69f8cc488d-9hq65
2026-08-16 11:43:43.549,1249341440.0,bert-inference-69f8cc488d-m5cvt
2026-08-16 11:43:43.549,1668730880.0,bert-inference-69f8cc488d-9hq65
2026-08-16 11:43:48.549,1249132544.0,bert-inference-69f8cc488d-m5cvt
2026-08-16 11:43:48.549,1668730880.0,bert-inference-69f8cc488d-9hq65
2026-08-16 11:43:53.549,1249132544.0,bert-inference-69f8cc488d-m5cvt
2026-08-16 11:43:53.549,1668739072.0,bert-inference-69f8cc488d-9hq65
2026-08-16 11:43:58.549,1249132544.0,bert-inference-69f8cc488d-m5cvt
2026-08-16 11:43:58.549,1668739072.0,bert-inference-69f8cc488d-9hq65
2026-08-16 11:44:03.549,1668739072.0,bert-inference-69f8cc488d-9hq65
2026-08-16 11:44:03.549,1249124352.0,bert-inference-69f8cc488d-m5cvt
2026-08-16 11:44:08.549,1668739072.0,bert-inference-69f8cc488d-9hq65
2026-08-16 11:44:08.549,1249124352.0,bert-inference-69f8cc488d-m5cvt
2026-08-16 11:44:13.549,1249124352.0,bert-inference-69f8cc488d-m5cvt
2026-08-16 11:44:13.549,1668251648.0,bert-inference-69f8cc488d-9hq65
2026-08-16 11:44:18.549,1249144832.0,bert-inference-69f8cc488d-m5cvt
2026-08-16 11:44:18.549,1668251648.0,bert-inference-69f8cc488d-9hq65
2026-08-16 11:44:23.549,1249144832.0,bert-inference-69f8cc488d-m5cvt
2026-08-16 11:44:23.549,1668771840.0,bert-inference-69f8cc488d-9hq65
2026-08-16 11:44:28.549,1249153024.0,bert-inference-69f8cc488d-m5cvt
2026-08-16 11:44:28.549,1668771840.0,bert-inference-69f8cc488d-9hq65
2026-08-16 11:44:33.549,1249153024.0,bert-inference-69f8cc488d-m5cvt
2026-08-16 11:44:33.549,1668771840.0,bert-inference-69f8cc488d-9hq65
2026-08-16 11:44:38.549,1249153024.0,bert-inference-69f8cc488d-m5cvt
2026-08-16 11:44:38.549,1668771840.0,bert-inference-69f8cc488d-9hq65
2026-08-16 11:44:43.549,1668304896.0,bert-inference-69f8cc488d-9hq65
2026-08-16 11:44:43.549,1249153024.0,bert-inference-69f8cc488d-m5cvt
2026-08-16 11:44:48.549,1668304896.0,bert-inference-69f8cc488d-9hq65
2026-08-16 11:44:48.549,1249198080.0,bert-inference-69f8cc488d-m5cvt
2026-08-16 11:44:53.549,1249198080.0,bert-inference-69f8cc488d-m5cvt
2026-08-16 11:44:53.549,1668304896.0,bert-inference-69f8cc488d-9hq65
2026-08-16 11:44:58.549,1249210368.0,bert-inference-69f8cc488d-m5cvt
2026-08-16 11:44:58.549,1668304896.0,bert-inference-69f8cc488d-9hq65
2026-08-16 11:45:03.549,1668337664.0,bert-inference-69f8cc488d-9hq65
2026-08-16 11:45:03.549,1249210368.0,bert-inference-69f8cc488d-m5cvt
2026-08-16 11:45:08.549,1249722368.0,bert-inference-69f8cc488d-m5cvt
2026-08-16 11:45:08.549,1668337664.0,bert-inference-69f8cc488d-9hq65
2026-08-16 11:45:13.549,1668337664.0,bert-inference-69f8cc488d-9hq65
2026-08-16 11:45:13.549,1249722368.0,bert-inference-69f8cc488d-m5cvt
2026-08-16 11:45:18.549,1668337664.0,bert-inference-69f8cc488d-9hq65
2026-08-16 11:45:18.549,1249722368.0,bert-inference-69f8cc488d-m5cvt
2026-08-16 11:45:23.549,1249722368.0,bert-inference-69f8cc488d-m5cvt
2026-08-16 11:45:23.549,1668354048.0,bert-inference-69f8cc488d-9hq65
2026-08-16 11:45:28.549,1668354048.0,bert-inference-69f8cc488d-9hq65
2026-08-16 11:45:28.549,1249267712.0,bert-inference-69f8cc488d-m5cvt
2026-08-16 11:45:33.549,1668358144.0,bert-inference-69f8cc488d-9hq65
2026-08-16 11:45:33.549,1249267712.0,bert-inference-69f8cc488d-m5cvt
2026-08-16 11:45:38.549,1668358144.0,bert-inference-69f8cc488d-9hq65
2026-08-16 11:45:38.549,1249267712.0,bert-inference-69f8cc488d-m5cvt
2026-08-16 11:45:43.549,1249267712.0,bert-inference-69f8cc488d-m5cvt
2026-08-16 11:45:43.549,1668395008.0,bert-inference-69f8cc488d-9hq65
2026-08-16 11:45:48.549,1668395008.0,bert-inference-69f8cc488d-9hq65
2026-08-16 11:45:48.549,1249521664.0,bert-inference-69f8cc488d-m5cvt
2026-08-16 11:45:53.549,1249521664.0,bert-inference-69f8cc488d-m5cvt
2026-08-16 11:45:53.549,1668395008.0,bert-inference-69f8cc488d-9hq65
2026-08-16 11:45:58.549,1668395008.0,bert-inference-69f8cc488d-9hq65
2026-08-16 11:45:58.549,1249271808.0,bert-inference-69f8cc488d-m5cvt
2026-08-16 11:46:03.549,1249271808.0,bert-inference-69f8cc488d-m5cvt
2026-08-16 11:46:03.549,1668653056.0,bert-inference-69f8cc488d-9hq65
2026-08-16 11:46:08.549,1668653056.0,bert-inference-69f8cc488d-9hq65
2026-08-16 11:46:08.549,1249554432.0,bert-inference-69f8cc488d-m5cvt
2026-08-16 11:46:13.549,1249554432.0,bert-inference-69f8cc488d-m5cvt
2026-08-16 11:46:13.549,1668644864.0,bert-inference-69f8cc488d-9hq65
2026-08-16 11:46:18.549,1668644864.0,bert-inference-69f8cc488d-9hq65
2026-08-16 11:46:18.549,1249554432.0,bert-inference-69f8cc488d-m5cvt
2026-08-16 11:46:23.549,1668644864.0,bert-inference-69f8cc488d-9hq65
2026-08-16 11:46:23.549,1249300480.0,bert-inference-69f8cc488d-m5cvt
2026-08-16 11:46:28.549,1668644864.0,bert-inference-69f8cc488d-9hq65
2026-08-16 11:46:28.549,1249300480.0,bert-inference-69f8cc488d-m5cvt
2026-08-16 11:46:33.549,1249300480.0,bert-inference-69f8cc488d-m5cvt
2026-08-16 11:46:33.549,1668698112.0,bert-inference-69f8cc488d-9hq65
2026-08-16 11:46:38.549,1668698112.0,bert-inference-69f8cc488d-9hq65
2026-08-16 11:46:38.549,1249308672.0,bert-inference-69f8cc488d-m5cvt
2026-08-16 11:46:43.549,1249308672.0,bert-inference-69f8cc488d-m5cvt
2026-08-16 11:46:43.549,1668689920.0,bert-inference-69f8cc488d-9hq65
2026-08-16 11:46:48.549,1668689920.0,bert-inference-69f8cc488d-9hq65
2026-08-16 11:46:48.549,1249308672.0,bert-inference-69f8cc488d-m5cvt
2026-08-16 11:46:53.549,1249308672.0,bert-inference-69f8cc488d-m5cvt
2026-08-16 11:46:53.549,1668689920.0,bert-inference-69f8cc488d-9hq65
2026-08-16 11:46:58.549,1249308672.0,bert-inference-69f8cc488d-m5cvt
2026-08-16 11:46:58.549,1668689920.0,bert-inference-69f8cc488d-9hq65
2026-08-16 11:47:03.549,1668431872.0,bert-inference-69f8cc488d-9hq65
2026-08-16 11:47:03.549,1249308672.0,bert-inference-69f8cc488d-m5cvt
2026-08-16 11:47:08.549,1249308672.0,bert-inference-69f8cc488d-m5cvt
2026-08-16 11:47:08.549,1668431872.0,bert-inference-69f8cc488d-9hq65
2026-08-16 11:47:13.549,1668431872.0,bert-inference-69f8cc488d-9hq65
2026-08-16 11:47:13.549,1249304576.0,bert-inference-69f8cc488d-m5cvt
2026-08-16 11:47:18.549,1249304576.0,bert-inference-69f8cc488d-m5cvt
2026-08-16 11:47:18.549,1668435968.0,bert-inference-69f8cc488d-9hq65
2026-08-16 11:47:23.549,1249304576.0,bert-inference-69f8cc488d-m5cvt
2026-08-16 11:47:23.549,1668435968.0,bert-inference-69f8cc488d-9hq65
2026-08-16 11:47:28.549,1668460544.0,bert-inference-69f8cc488d-9hq65
2026-08-16 11:47:28.549,1249304576.0,bert-inference-69f8cc488d-m5cvt
2026-08-16 11:47:33.549,1668460544.0,bert-inference-69f8cc488d-9hq65
2026-08-16 11:47:33.549,1249542144.0,bert-inference-69f8cc488d-m5cvt
2026-08-16 11:47:38.549,1668460544.0,bert-inference-69f8cc488d-9hq65
2026-08-16 11:47:38.549,1249542144.0,bert-inference-69f8cc488d-m5cvt
2026-08-16 11:47:43.549,1668435968.0,bert-inference-69f8cc488d-9hq65
2026-08-16 11:47:43.549,1249542144.0,bert-inference-69f8cc488d-m5cvt
2026-08-16 11:47:48.549,1668435968.0,bert-inference-69f8cc488d-9hq65
2026-08-16 11:47:48.549,1249542144.0,bert-inference-69f8cc488d-m5cvt
2026-08-16 11:47:53.549,1249538048.0,bert-inference-69f8cc488d-m5cvt
2026-08-16 11:47:53.549,1668435968.0,bert-inference-69f8cc488d-9hq65
2026-08-16 11:47:58.549,1668952064.0,bert-inference-69f8cc488d-9hq65
2026-08-16 11:47:58.549,1249538048.0,bert-inference-69f8cc488d-m5cvt
2026-08-16 11:48:03.549,1668952064.0,bert-inference-69f8cc488d-9hq65
2026-08-16 11:48:03.549,1249538048.0,bert-inference-69f8cc488d-m5cvt
2026-08-16 11:48:08.549,1249533952.0,bert-inference-69f8cc488d-m5cvt
2026-08-16 11:48:08.549,1668952064.0,bert-inference-69f8cc488d-9hq65
2026-08-16 11:48:13.549,1668464640.0,bert-inference-69f8cc488d-9hq65
2026-08-16 11:48:13.549,1249533952.0,bert-inference-69f8cc488d-m5cvt
2026-08-16 11:48:18.549,1668464640.0,bert-inference-69f8cc488d-9hq65
2026-08-16 11:48:18.549,1249533952.0,bert-inference-69f8cc488d-m5cvt
2026-08-16 11:48:23.549,1249308672.0,bert-inference-69f8cc488d-m5cvt
2026-08-16 11:48:23.549,1668464640.0,bert-inference-69f8cc488d-9hq65
2026-08-16 11:48:28.549,1668435968.0,bert-inference-69f8cc488d-9hq65
2026-08-16 11:48:28.549,1249308672.0,bert-inference-69f8cc488d-m5cvt
2026-08-16 11:48:33.549,1668435968.0,bert-inference-69f8cc488d-9hq65
2026-08-16 11:48:33.549,1249308672.0,bert-inference-69f8cc488d-m5cvt
2026-08-16 11:48:38.549,1668661248.0,bert-inference-69f8cc488d-9hq65
2026-08-16 11:48:38.549,1249308672.0,bert-inference-69f8cc488d-m5cvt
2026-08-16 11:48:43.549,1249554432.0,bert-inference-69f8cc488d-m5cvt
2026-08-16 11:48:43.549,1668661248.0,bert-inference-69f8cc488d-9hq65
2026-08-16 11:48:48.549,1249554432.0,bert-inference-69f8cc488d-m5cvt
2026-08-16 11:48:48.549,1668661248.0,bert-inference-69f8cc488d-9hq65
2026-08-16 11:48:53.549,1668456448.0,bert-inference-69f8cc488d-9hq65
2026-08-16 11:48:53.549,1249554432.0,bert-inference-69f8cc488d-m5cvt
2026-08-16 11:48:58.549,1668456448.0,bert-inference-69f8cc488d-9hq65
2026-08-16 11:48:58.549,1249554432.0,bert-inference-69f8cc488d-m5cvt
2026-08-16 11:49:03.549,1249345536.0,bert-inference-69f8cc488d-m5cvt
2026-08-16 11:49:03.549,1668456448.0,bert-inference-69f8cc488d-9hq65
2026-08-16 11:49:08.549,1249345536.0,bert-inference-69f8cc488d-m5cvt
2026-08-16 11:49:08.549,1668440064.0,bert-inference-69f8cc488d-9hq65
2026-08-16 11:49:13.549,1668440064.0,bert-inference-69f8cc488d-9hq65
2026-08-16 11:49:13.549,1249558528.0,bert-inference-69f8cc488d-m5cvt
2026-08-16 11:49:18.549,1249558528.0,bert-inference-69f8cc488d-m5cvt
2026-08-16 11:49:18.549,1668440064.0,bert-inference-69f8cc488d-9hq65
2026-08-16 11:49:23.549,1668456448.0,bert-inference-69f8cc488d-9hq65
2026-08-16 11:49:23.549,1249558528.0,bert-inference-69f8cc488d-m5cvt
2026-08-16 11:49:28.549,1249587200.0,bert-inference-69f8cc488d-m5cvt
2026-08-16 11:49:28.549,1668456448.0,bert-inference-69f8cc488d-9hq65
2026-08-16 11:49:33.549,1668456448.0,bert-inference-69f8cc488d-9hq65
2026-08-16 11:49:33.549,1249587200.0,bert-inference-69f8cc488d-m5cvt
2026-08-16 11:49:38.549,1249587200.0,bert-inference-69f8cc488d-m5cvt
2026-08-16 11:49:38.549,1668456448.0,bert-inference-69f8cc488d-9hq65
2026-08-16 11:49:43.549,1668956160.0,bert-inference-69f8cc488d-9hq65
2026-08-16 11:49:43.549,1249574912.0,bert-inference-69f8cc488d-m5cvt
2026-08-16 11:49:48.549,1249574912.0,bert-inference-69f8cc488d-m5cvt
2026-08-16 11:49:48.549,1668956160.0,bert-inference-69f8cc488d-9hq65
2026-08-16 11:49:53.549,1249325056.0,bert-inference-69f8cc488d-m5cvt
2026-08-16 11:49:53.549,1668956160.0,bert-inference-69f8cc488d-9hq65
2026-08-16 11:49:58.549,1249325056.0,bert-inference-69f8cc488d-m5cvt
2026-08-16 11:49:58.549,1668956160.0,bert-inference-69f8cc488d-9hq65
2026-08-16 11:50:03.549,1668440064.0,bert-inference-69f8cc488d-9hq65
2026-08-16 11:50:03.549,1249583104.0,bert-inference-69f8cc488d-m5cvt
2026-08-16 11:50:08.549,1668440064.0,bert-inference-69f8cc488d-9hq65
2026-08-16 11:50:08.549,1249583104.0,bert-inference-69f8cc488d-m5cvt
2026-08-16 11:50:13.549,1249583104.0,bert-inference-69f8cc488d-m5cvt
2026-08-16 11:50:13.549,1668440064.0,bert-inference-69f8cc488d-9hq65
2026-08-16 11:50:18.549,1249583104.0,bert-inference-69f8cc488d-m5cvt
2026-08-16 11:50:18.549,1668440064.0,bert-inference-69f8cc488d-9hq65
2026-08-16 11:50:23.549,1668440064.0,bert-inference-69f8cc488d-9hq65
2026-08-16 11:50:23.549,1249320960.0,bert-inference-69f8cc488d-m5cvt
2026-08-16 11:50:28.549,1668440064.0,bert-inference-69f8cc488d-9hq65
2026-08-16 11:50:28.549,1249320960.0,bert-inference-69f8cc488d-m5cvt
2026-08-16 11:50:33.549,1249320960.0,bert-inference-69f8cc488d-m5cvt
2026-08-16 11:50:33.549,1668440064.0,bert-inference-69f8cc488d-9hq65
2026-08-16 11:50:38.549,1249562624.0,bert-inference-69f8cc488d-m5cvt
2026-08-16 11:50:38.549,1668440064.0,bert-inference-69f8cc488d-9hq65
2026-08-16 11:50:43.549,1249562624.0,bert-inference-69f8cc488d-m5cvt
2026-08-16 11:50:43.549,1668440064.0,bert-inference-69f8cc488d-9hq65
2026-08-16 11:50:48.549,1249562624.0,bert-inference-69f8cc488d-m5cvt
2026-08-16 11:50:48.549,1668685824.0,bert-inference-69f8cc488d-9hq65
2026-08-16 11:50:53.549,1249353728.0,bert-inference-69f8cc488d-m5cvt
2026-08-16 11:50:53.549,1668685824.0,bert-inference-69f8cc488d-9hq65
2026-08-16 11:50:58.549,1249353728.0,bert-inference-69f8cc488d-m5cvt
2026-08-16 11:50:58.549,1668685824.0,bert-inference-69f8cc488d-9hq65
2026-08-16 11:51:03.549,1249353728.0,bert-inference-69f8cc488d-m5cvt
2026-08-16 11:51:03.549,1668685824.0,bert-inference-69f8cc488d-9hq65
2026-08-16 11:51:08.549,1668440064.0,bert-inference-69f8cc488d-9hq65
2026-08-16 11:51:08.549,1249325056.0,bert-inference-69f8cc488d-m5cvt
2026-08-16 11:51:13.549,1249325056.0,bert-inference-69f8cc488d-m5cvt
2026-08-16 11:51:13.549,1668440064.0,bert-inference-69f8cc488d-9hq65
2026-08-16 11:51:18.549,1668440064.0,bert-inference-69f8cc488d-9hq65
2026-08-16 11:51:18.549,1249325056.0,bert-inference-69f8cc488d-m5cvt
2026-08-16 11:51:23.549,1668440064.0,bert-inference-69f8cc488d-9hq65
2026-08-16 11:51:23.549,1249325056.0,bert-inference-69f8cc488d-m5cvt
2026-08-16 11:51:28.549,1249329152.0,bert-inference-69f8cc488d-m5cvt
2026-08-16 11:51:28.549,1668665344.0,bert-inference-69f8cc488d-9hq65
2026-08-16 11:51:33.549,1249329152.0,bert-inference-69f8cc488d-m5cvt
2026-08-16 11:51:33.549,1668665344.0,bert-inference-69f8cc488d-9hq65
2026-08-16 11:51:38.549,1668665344.0,bert-inference-69f8cc488d-9hq65
2026-08-16 11:51:38.549,1249329152.0,bert-inference-69f8cc488d-m5cvt
2026-08-16 11:51:43.549,1668440064.0,bert-inference-69f8cc488d-9hq65
2026-08-16 11:51:43.549,1249329152.0,bert-inference-69f8cc488d-m5cvt
2026-08-16 11:51:48.549,1668440064.0,bert-inference-69f8cc488d-9hq65
2026-08-16 11:51:48.549,1249333248.0,bert-inference-69f8cc488d-m5cvt
2026-08-16 11:51:53.549,1249333248.0,bert-inference-69f8cc488d-m5cvt
2026-08-16 11:51:53.549,1668694016.0,bert-inference-69f8cc488d-9hq65
2026-08-16 11:51:58.549,1249587200.0,bert-inference-69f8cc488d-m5cvt
2026-08-16 11:51:58.549,1668694016.0,bert-inference-69f8cc488d-9hq65
2026-08-16 11:52:03.549,1668694016.0,bert-inference-69f8cc488d-9hq65
2026-08-16 11:52:03.549,1249587200.0,bert-inference-69f8cc488d-m5cvt
2026-08-16 11:52:08.549,1249587200.0,bert-inference-69f8cc488d-m5cvt
2026-08-16 11:52:08.549,1668440064.0,bert-inference-69f8cc488d-9hq65
2026-08-16 11:52:13.549,1668440064.0,bert-inference-69f8cc488d-9hq65
2026-08-16 11:52:13.549,1249325056.0,bert-inference-69f8cc488d-m5cvt
2026-08-16 11:52:18.549,1668440064.0,bert-inference-69f8cc488d-9hq65
2026-08-16 11:52:18.549,1249325056.0,bert-inference-69f8cc488d-m5cvt
2026-08-16 11:52:23.549,1668460544.0,bert-inference-69f8cc488d-9hq65
2026-08-16 11:52:23.549,1249325056.0,bert-inference-69f8cc488d-m5cvt
2026-08-16 11:52:28.549,1668460544.0,bert-inference-69f8cc488d-9hq65
2026-08-16 11:52:28.549,1249325056.0,bert-inference-69f8cc488d-m5cvt
2026-08-16 11:52:33.549,1668460544.0,bert-inference-69f8cc488d-9hq65
2026-08-16 11:52:33.549,1249325056.0,bert-inference-69f8cc488d-m5cvt
2026-08-16 11:52:38.549,1668440064.0,bert-inference-69f8cc488d-9hq65
2026-08-16 11:52:38.549,1249325056.0,bert-inference-69f8cc488d-m5cvt
2026-08-16 11:52:43.549,1668440064.0,bert-inference-69f8cc488d-9hq65
2026-08-16 11:52:43.549,1249325056.0,bert-inference-69f8cc488d-m5cvt
2026-08-16 11:52:48.549,1668440064.0,bert-inference-69f8cc488d-9hq65
2026-08-16 11:52:48.549,1249349632.0,bert-inference-69f8cc488d-m5cvt
2026-08-16 11:52:53.549,1668440064.0,bert-inference-69f8cc488d-9hq65
2026-08-16 11:52:53.549,1249349632.0,bert-inference-69f8cc488d-m5cvt
2026-08-16 11:52:58.549,1668435968.0,bert-inference-69f8cc488d-9hq65
2026-08-16 11:52:58.549,1249349632.0,bert-inference-69f8cc488d-m5cvt
2026-08-16 11:53:03.549,1249570816.0,bert-inference-69f8cc488d-m5cvt
2026-08-16 11:53:03.549,1668435968.0,bert-inference-69f8cc488d-9hq65
2026-08-16 11:53:08.549,1249570816.0,bert-inference-69f8cc488d-m5cvt
2026-08-16 11:53:08.549,1668435968.0,bert-inference-69f8cc488d-9hq65
2026-08-16 11:53:13.549,1668440064.0,bert-inference-69f8cc488d-9hq65
2026-08-16 11:53:13.549,1249329152.0,bert-inference-69f8cc488d-m5cvt
2026-08-16 11:53:18.549,1249329152.0,bert-inference-69f8cc488d-m5cvt
2026-08-16 11:53:18.549,1668440064.0,bert-inference-69f8cc488d-9hq65
2026-08-16 11:53:23.549,1249329152.0,bert-inference-69f8cc488d-m5cvt
2026-08-16 11:53:23.549,1668440064.0,bert-inference-69f8cc488d-9hq65
2026-08-16 11:53:28.549,1249816576.0,bert-inference-69f8cc488d-m5cvt
2026-08-16 11:53:28.549,1668689920.0,bert-inference-69f8cc488d-9hq65
2026-08-16 11:53:33.549,1668689920.0,bert-inference-69f8cc488d-9hq65
2026-08-16 11:53:33.549,1249816576.0,bert-inference-69f8cc488d-m5cvt
2026-08-16 11:53:38.549,1668689920.0,bert-inference-69f8cc488d-9hq65
2026-08-16 11:53:38.549,1249845248.0,bert-inference-69f8cc488d-m5cvt
2026-08-16 11:53:43.549,1668440064.0,bert-inference-69f8cc488d-9hq65
2026-08-16 11:53:43.549,1249845248.0,bert-inference-69f8cc488d-m5cvt
2026-08-16 11:53:48.549,1249845248.0,bert-inference-69f8cc488d-m5cvt
2026-08-16 11:53:48.549,1668440064.0,bert-inference-69f8cc488d-9hq65
2026-08-16 11:53:53.549,1249325056.0,bert-inference-69f8cc488d-m5cvt
2026-08-16 11:53:53.549,1668440064.0,bert-inference-69f8cc488d-9hq65
2026-08-16 11:53:58.549,1668440064.0,bert-inference-69f8cc488d-9hq65
2026-08-16 11:53:58.549,1249325056.0,bert-inference-69f8cc488d-m5cvt
2026-08-16 11:54:03.549,1249325056.0,bert-inference-69f8cc488d-m5cvt
2026-08-16 11:54:03.549,1668440064.0,bert-inference-69f8cc488d-9hq65
2026-08-16 11:54:08.549,1249325056.0,bert-inference-69f8cc488d-m5cvt
2026-08-16 11:54:08.549,1668440064.0,bert-inference-69f8cc488d-9hq65
2026-08-16 11:54:13.549,1249333248.0,bert-inference-69f8cc488d-m5cvt
2026-08-16 11:54:13.549,1668440064.0,bert-inference-69f8cc488d-9hq65
2026-08-16 11:54:18.549,1668448256.0,bert-inference-69f8cc488d-9hq65
2026-08-16 11:54:18.549,1249333248.0,bert-inference-69f8cc488d-m5cvt
2026-08-16 11:54:23.549,1249333248.0,bert-inference-69f8cc488d-m5cvt
2026-08-16 11:54:23.549,1668448256.0,bert-inference-69f8cc488d-9hq65
2026-08-16 11:54:28.549,1249554432.0,bert-inference-69f8cc488d-m5cvt
2026-08-16 11:54:28.549,1668460544.0,bert-inference-69f8cc488d-9hq65
2026-08-16 11:54:33.549,1249554432.0,bert-inference-69f8cc488d-m5cvt
2026-08-16 11:54:33.549,1668460544.0,bert-inference-69f8cc488d-9hq65
2026-08-16 11:54:38.549,1249554432.0,bert-inference-69f8cc488d-m5cvt
2026-08-16 11:54:38.549,1668460544.0,bert-inference-69f8cc488d-9hq65
2026-08-16 11:54:43.549,1668698112.0,bert-inference-69f8cc488d-9hq65
2026-08-16 11:54:43.549,1249325056.0,bert-inference-69f8cc488d-m5cvt
2026-08-16 11:54:48.549,1249325056.0,bert-inference-69f8cc488d-m5cvt
2026-08-16 11:54:48.549,1668698112.0,bert-inference-69f8cc488d-9hq65
2026-08-16 11:54:53.549,1249325056.0,bert-inference-69f8cc488d-m5cvt
2026-08-16 11:54:53.549,1668440064.0,bert-inference-69f8cc488d-9hq65
2026-08-16 11:54:58.549,1249325056.0,bert-inference-69f8cc488d-m5cvt
2026-08-16 11:54:58.549,1668440064.0,bert-inference-69f8cc488d-9hq65
2026-08-16 11:55:03.549,1249550336.0,bert-inference-69f8cc488d-m5cvt
2026-08-16 11:55:03.549,1668440064.0,bert-inference-69f8cc488d-9hq65
2026-08-16 11:55:08.549,1668665344.0,bert-inference-69f8cc488d-9hq65
2026-08-16 11:55:08.549,1249550336.0,bert-inference-69f8cc488d-m5cvt
2026-08-16 11:55:13.549,1668665344.0,bert-inference-69f8cc488d-9hq65
2026-08-16 11:55:13.549,1249325056.0,bert-inference-69f8cc488d-m5cvt
2026-08-16 11:55:18.549,1249325056.0,bert-inference-69f8cc488d-m5cvt
2026-08-16 11:55:18.549,1668665344.0,bert-inference-69f8cc488d-9hq65
2026-08-16 11:55:23.549,1249325056.0,bert-inference-69f8cc488d-m5cvt
2026-08-16 11:55:23.549,1668685824.0,bert-inference-69f8cc488d-9hq65
2026-08-16 11:55:28.549,1668685824.0,bert-inference-69f8cc488d-9hq65
2026-08-16 11:55:28.549,1249325056.0,bert-inference-69f8cc488d-m5cvt
2026-08-16 11:55:33.549,1249325056.0,bert-inference-69f8cc488d-m5cvt
2026-08-16 11:55:33.549,1668685824.0,bert-inference-69f8cc488d-9hq65
2026-08-16 11:55:38.549,1249325056.0,bert-inference-69f8cc488d-m5cvt
2026-08-16 11:55:38.549,1668923392.0,bert-inference-69f8cc488d-9hq65
2026-08-16 11:55:43.549,1668923392.0,bert-inference-69f8cc488d-9hq65
2026-08-16 11:55:43.549,1249574912.0,bert-inference-69f8cc488d-m5cvt
2026-08-16 11:55:48.549,1249574912.0,bert-inference-69f8cc488d-m5cvt
2026-08-16 11:55:48.549,1668689920.0,bert-inference-69f8cc488d-9hq65
2026-08-16 11:55:53.549,1249574912.0,bert-inference-69f8cc488d-m5cvt
2026-08-16 11:55:53.549,1668689920.0,bert-inference-69f8cc488d-9hq65
2026-08-16 11:55:58.549,1249325056.0,bert-inference-69f8cc488d-m5cvt
2026-08-16 11:55:58.549,1668689920.0,bert-inference-69f8cc488d-9hq65
2026-08-16 11:56:03.549,1668440064.0,bert-inference-69f8cc488d-9hq65
2026-08-16 11:56:03.549,1249325056.0,bert-inference-69f8cc488d-m5cvt
2026-08-16 11:56:08.549,1249325056.0,bert-inference-69f8cc488d-m5cvt
2026-08-16 11:56:08.549,1668440064.0,bert-inference-69f8cc488d-9hq65
2026-08-16 11:56:13.549,1668685824.0,bert-inference-69f8cc488d-9hq65
2026-08-16 11:56:13.549,1249325056.0,bert-inference-69f8cc488d-m5cvt
2026-08-16 11:56:18.549,1668685824.0,bert-inference-69f8cc488d-9hq65
2026-08-16 11:56:18.549,1249325056.0,bert-inference-69f8cc488d-m5cvt
2026-08-16 11:56:23.549,1668956160.0,bert-inference-69f8cc488d-9hq65
2026-08-16 11:56:23.549,1249325056.0,bert-inference-69f8cc488d-m5cvt
2026-08-16 11:56:28.549,1668956160.0,bert-inference-69f8cc488d-9hq65
2026-08-16 11:56:28.549,1249325056.0,bert-inference-69f8cc488d-m5cvt
2026-08-16 11:56:33.549,1249325056.0,bert-inference-69f8cc488d-m5cvt
2026-08-16 11:56:33.549,1668956160.0,bert-inference-69f8cc488d-9hq65
2026-08-16 11:56:38.549,1249325056.0,bert-inference-69f8cc488d-m5cvt
2026-08-16 11:56:38.549,1668956160.0,bert-inference-69f8cc488d-9hq65
2026-08-16 11:56:43.549,1249325056.0,bert-inference-69f8cc488d-m5cvt
2026-08-16 11:56:43.549,1668444160.0,bert-inference-69f8cc488d-9hq65
2026-08-16 11:56:48.549,1249574912.0,bert-inference-69f8cc488d-m5cvt
2026-08-16 11:56:48.549,1668444160.0,bert-inference-69f8cc488d-9hq65
2026-08-16 11:56:53.549,1249574912.0,bert-inference-69f8cc488d-m5cvt
2026-08-16 11:56:53.549,1668440064.0,bert-inference-69f8cc488d-9hq65
2026-08-16 11:56:58.549,1668440064.0,bert-inference-69f8cc488d-9hq65
2026-08-16 11:56:58.549,1249345536.0,bert-inference-69f8cc488d-m5cvt
2026-08-16 11:57:03.549,1668440064.0,bert-inference-69f8cc488d-9hq65
2026-08-16 11:57:03.549,1249345536.0,bert-inference-69f8cc488d-m5cvt
2026-08-16 11:57:08.549,1668444160.0,bert-inference-69f8cc488d-9hq65
2026-08-16 11:57:08.549,1249345536.0,bert-inference-69f8cc488d-m5cvt
2026-08-16 11:57:13.549,1668444160.0,bert-inference-69f8cc488d-9hq65
2026-08-16 11:57:13.549,1249345536.0,bert-inference-69f8cc488d-m5cvt
2026-08-16 11:57:18.549,1249345536.0,bert-inference-69f8cc488d-m5cvt
2026-08-16 11:57:18.549,1668444160.0,bert-inference-69f8cc488d-9hq65
2026-08-16 11:57:23.549,1668665344.0,bert-inference-69f8cc488d-9hq65
2026-08-16 11:57:23.549,1249345536.0,bert-inference-69f8cc488d-m5cvt
2026-08-16 11:57:28.549,1668665344.0,bert-inference-69f8cc488d-9hq65
2026-08-16 11:57:28.549,1249325056.0,bert-inference-69f8cc488d-m5cvt
2026-08-16 11:57:33.549,1249325056.0,bert-inference-69f8cc488d-m5cvt
2026-08-16 11:57:33.549,1668665344.0,bert-inference-69f8cc488d-9hq65
2026-08-16 11:57:38.549,1668665344.0,bert-inference-69f8cc488d-9hq65
2026-08-16 11:57:38.549,1249325056.0,bert-inference-69f8cc488d-m5cvt
2026-08-16 11:57:43.549,1668444160.0,bert-inference-69f8cc488d-9hq65
2026-08-16 11:57:43.549,1249353728.0,bert-inference-69f8cc488d-m5cvt
2026-08-16 11:57:48.549,1249353728.0,bert-inference-69f8cc488d-m5cvt
2026-08-16 11:57:48.549,1668444160.0,bert-inference-69f8cc488d-9hq65
2026-08-16 11:57:53.549,1668440064.0,bert-inference-69f8cc488d-9hq65
2026-08-16 11:57:53.549,1249353728.0,bert-inference-69f8cc488d-m5cvt
2026-08-16 11:57:58.549,1668440064.0,bert-inference-69f8cc488d-9hq65
2026-08-16 11:57:58.549,1249353728.0,bert-inference-69f8cc488d-m5cvt
2026-08-16 11:58:03.549,1249329152.0,bert-inference-69f8cc488d-m5cvt
2026-08-16 11:58:03.549,1668444160.0,bert-inference-69f8cc488d-9hq65
2026-08-16 11:58:08.549,1668444160.0,bert-inference-69f8cc488d-9hq65
2026-08-16 11:58:08.549,1249329152.0,bert-inference-69f8cc488d-m5cvt
2026-08-16 11:58:13.549,1668444160.0,bert-inference-69f8cc488d-9hq65
2026-08-16 11:58:13.549,1249329152.0,bert-inference-69f8cc488d-m5cvt
2026-08-16 11:58:18.549,1668444160.0,bert-inference-69f8cc488d-9hq65
2026-08-16 11:58:18.549,1249841152.0,bert-inference-69f8cc488d-m5cvt
2026-08-16 11:58:23.549,1668657152.0,bert-inference-69f8cc488d-9hq65
2026-08-16 11:58:23.549,1249841152.0,bert-inference-69f8cc488d-m5cvt
2026-08-16 11:58:28.549,1668657152.0,bert-inference-69f8cc488d-9hq65
2026-08-16 11:58:28.549,1249841152.0,bert-inference-69f8cc488d-m5cvt
2026-08-16 11:58:33.549,1249837056.0,bert-inference-69f8cc488d-m5cvt
2026-08-16 11:58:33.549,1668657152.0,bert-inference-69f8cc488d-9hq65
2026-08-16 11:58:38.549,1668464640.0,bert-inference-69f8cc488d-9hq65
2026-08-16 11:58:38.549,1249837056.0,bert-inference-69f8cc488d-m5cvt
2026-08-16 11:58:43.549,1249837056.0,bert-inference-69f8cc488d-m5cvt
2026-08-16 11:58:43.549,1668464640.0,bert-inference-69f8cc488d-9hq65
2026-08-16 11:58:48.549,1249325056.0,bert-inference-69f8cc488d-m5cvt
2026-08-16 11:58:48.549,1668460544.0,bert-inference-69f8cc488d-9hq65
2026-08-16 11:58:53.549,1249325056.0,bert-inference-69f8cc488d-m5cvt
2026-08-16 11:58:53.549,1668460544.0,bert-inference-69f8cc488d-9hq65
2026-08-16 11:58:58.549,1249325056.0,bert-inference-69f8cc488d-m5cvt
2026-08-16 11:58:58.549,1668669440.0,bert-inference-69f8cc488d-9hq65
2026-08-16 11:59:03.549,1668669440.0,bert-inference-69f8cc488d-9hq65
2026-08-16 11:59:03.549,1249325056.0,bert-inference-69f8cc488d-m5cvt
2026-08-16 11:59:08.549,1668669440.0,bert-inference-69f8cc488d-9hq65
2026-08-16 11:59:08.549,1249329152.0,bert-inference-69f8cc488d-m5cvt
2026-08-16 11:59:13.549,1668669440.0,bert-inference-69f8cc488d-9hq65
2026-08-16 11:59:13.549,1249329152.0,bert-inference-69f8cc488d-m5cvt
2026-08-16 11:59:18.549,1668440064.0,bert-inference-69f8cc488d-9hq65
2026-08-16 11:59:18.549,1249591296.0,bert-inference-69f8cc488d-m5cvt
2026-08-16 11:59:23.549,1249591296.0,bert-inference-69f8cc488d-m5cvt
2026-08-16 11:59:23.549,1668440064.0,bert-inference-69f8cc488d-9hq65
2026-08-16 11:59:28.549,1668685824.0,bert-inference-69f8cc488d-9hq65
2026-08-16 11:59:28.549,1249591296.0,bert-inference-69f8cc488d-m5cvt
2026-08-16 11:59:33.549,1249550336.0,bert-inference-69f8cc488d-m5cvt
2026-08-16 11:59:33.549,1668685824.0,bert-inference-69f8cc488d-9hq65
2026-08-16 11:59:38.549,1249550336.0,bert-inference-69f8cc488d-m5cvt
2026-08-16 11:59:38.549,1668685824.0,bert-inference-69f8cc488d-9hq65
2026-08-16 11:59:43.549,1249550336.0,bert-inference-69f8cc488d-m5cvt
2026-08-16 11:59:43.549,1668685824.0,bert-inference-69f8cc488d-9hq65
2026-08-16 11:59:48.549,1668689920.0,bert-inference-69f8cc488d-9hq65
2026-08-16 11:59:48.549,1249329152.0,bert-inference-69f8cc488d-m5cvt
2026-08-16 11:59:53.549,1249329152.0,bert-inference-69f8cc488d-m5cvt
2026-08-16 11:59:53.549,1668689920.0,bert-inference-69f8cc488d-9hq65
2026-08-16 11:59:58.549,1668689920.0,bert-inference-69f8cc488d-9hq65
2026-08-16 11:59:58.549,1249329152.0,bert-inference-69f8cc488d-m5cvt
2026-08-16 12:00:03.549,1668689920.0,bert-inference-69f8cc488d-9hq65
2026-08-16 12:00:03.549,1249329152.0,bert-inference-69f8cc488d-m5cvt
2026-08-16 12:00:08.549,1668476928.0,bert-inference-69f8cc488d-9hq65
2026-08-16 12:00:08.549,1249329152.0,bert-inference-69f8cc488d-m5cvt
2026-08-16 12:00:13.549,1249566720.0,bert-inference-69f8cc488d-m5cvt
2026-08-16 12:00:13.549,1668476928.0,bert-inference-69f8cc488d-9hq65
2026-08-16 12:00:18.549,1249566720.0,bert-inference-69f8cc488d-m5cvt
2026-08-16 12:00:18.549,1668476928.0,bert-inference-69f8cc488d-9hq65
2026-08-16 12:00:23.549,1249566720.0,bert-inference-69f8cc488d-m5cvt
2026-08-16 12:00:23.549,1668702208.0,bert-inference-69f8cc488d-9hq65
2026-08-16 12:00:28.549,1668702208.0,bert-inference-69f8cc488d-9hq65
2026-08-16 12:00:28.549,1249329152.0,bert-inference-69f8cc488d-m5cvt
2026-08-16 12:00:33.549,1668702208.0,bert-inference-69f8cc488d-9hq65
2026-08-16 12:00:33.549,1249329152.0,bert-inference-69f8cc488d-m5cvt
2026-08-16 12:00:38.549,1249329152.0,bert-inference-69f8cc488d-m5cvt
2026-08-16 12:00:38.549,1668661248.0,bert-inference-69f8cc488d-9hq65
2026-08-16 12:00:43.549,1668661248.0,bert-inference-69f8cc488d-9hq65
2026-08-16 12:00:43.549,1249329152.0,bert-inference-69f8cc488d-m5cvt
2026-08-16 12:00:48.549,1668661248.0,bert-inference-69f8cc488d-9hq65
2026-08-16 12:00:48.549,1249325056.0,bert-inference-69f8cc488d-m5cvt
2026-08-16 12:00:53.549,1249325056.0,bert-inference-69f8cc488d-m5cvt
2026-08-16 12:00:53.549,1668661248.0,bert-inference-69f8cc488d-9hq65
2026-08-16 12:00:58.549,1249325056.0,bert-inference-69f8cc488d-m5cvt
2026-08-16 12:00:58.549,1668448256.0,bert-inference-69f8cc488d-9hq65
2026-08-16 12:01:03.549,1249325056.0,bert-inference-69f8cc488d-m5cvt
2026-08-16 12:01:03.549,1668448256.0,bert-inference-69f8cc488d-9hq65
2026-08-16 12:01:08.549,1249325056.0,bert-inference-69f8cc488d-m5cvt
2026-08-16 12:01:08.549,1668448256.0,bert-inference-69f8cc488d-9hq65
2026-08-16 12:01:13.549,1668440064.0,bert-inference-69f8cc488d-9hq65
2026-08-16 12:01:13.549,1249325056.0,bert-inference-69f8cc488d-m5cvt
2026-08-16 12:01:18.549,1249325056.0,bert-inference-69f8cc488d-m5cvt
2026-08-16 12:01:18.549,1668440064.0,bert-inference-69f8cc488d-9hq65
2026-08-16 12:01:23.549,1249325056.0,bert-inference-69f8cc488d-m5cvt
2026-08-16 12:01:23.549,1668440064.0,bert-inference-69f8cc488d-9hq65
2026-08-16 12:01:28.549,1668665344.0,bert-inference-69f8cc488d-9hq65
2026-08-16 12:01:28.549,1249357824.0,bert-inference-69f8cc488d-m5cvt
2026-08-16 12:01:33.549,1668665344.0,bert-inference-69f8cc488d-9hq65
2026-08-16 12:01:33.549,1249357824.0,bert-inference-69f8cc488d-m5cvt
2026-08-16 12:01:38.549,1249357824.0,bert-inference-69f8cc488d-m5cvt
2026-08-16 12:01:38.549,1668665344.0,bert-inference-69f8cc488d-9hq65
2026-08-16 12:01:43.549,1668665344.0,bert-inference-69f8cc488d-9hq65
2026-08-16 12:01:43.549,1249320960.0,bert-inference-69f8cc488d-m5cvt
2026-08-16 12:01:48.549,1249320960.0,bert-inference-69f8cc488d-m5cvt
2026-08-16 12:01:48.549,1668444160.0,bert-inference-69f8cc488d-9hq65
2026-08-16 12:01:53.549,1249320960.0,bert-inference-69f8cc488d-m5cvt
2026-08-16 12:01:53.549,1668444160.0,bert-inference-69f8cc488d-9hq65
2026-08-16 12:01:58.549,1249329152.0,bert-inference-69f8cc488d-m5cvt
2026-08-16 12:01:58.549,1668444160.0,bert-inference-69f8cc488d-9hq65
2026-08-16 12:02:03.549,1668444160.0,bert-inference-69f8cc488d-9hq65
2026-08-16 12:02:03.549,1249329152.0,bert-inference-69f8cc488d-m5cvt
2026-08-16 12:02:08.549,1668464640.0,bert-inference-69f8cc488d-9hq65
2026-08-16 12:02:08.549,1249325056.0,bert-inference-69f8cc488d-m5cvt
2026-08-16 12:02:13.549,1668464640.0,bert-inference-69f8cc488d-9hq65
2026-08-16 12:02:13.549,1249325056.0,bert-inference-69f8cc488d-m5cvt
2026-08-16 12:02:18.549,1668464640.0,bert-inference-69f8cc488d-9hq65
2026-08-16 12:02:18.549,1249325056.0,bert-inference-69f8cc488d-m5cvt
2026-08-16 12:02:23.549,1249353728.0,bert-inference-69f8cc488d-m5cvt
2026-08-16 12:02:23.549,1668435968.0,bert-inference-69f8cc488d-9hq65
2026-08-16 12:02:28.549,1668435968.0,bert-inference-69f8cc488d-9hq65
2026-08-16 12:02:28.549,1249353728.0,bert-inference-69f8cc488d-m5cvt
2026-08-16 12:02:33.549,1668435968.0,bert-inference-69f8cc488d-9hq65
2026-08-16 12:02:33.549,1249353728.0,bert-inference-69f8cc488d-m5cvt
2026-08-16 12:02:38.549,1249325056.0,bert-inference-69f8cc488d-m5cvt
2026-08-16 12:02:38.549,1668698112.0,bert-inference-69f8cc488d-9hq65
2026-08-16 12:02:43.549,1668698112.0,bert-inference-69f8cc488d-9hq65
2026-08-16 12:02:43.549,1249325056.0,bert-inference-69f8cc488d-m5cvt
2026-08-16 12:02:48.549,1249325056.0,bert-inference-69f8cc488d-m5cvt
2026-08-16 12:02:48.549,1668698112.0,bert-inference-69f8cc488d-9hq65
2026-08-16 12:02:53.549,1249325056.0,bert-inference-69f8cc488d-m5cvt
2026-08-16 12:02:53.549,1668698112.0,bert-inference-69f8cc488d-9hq65
2026-08-16 12:02:58.549,1249329152.0,bert-inference-69f8cc488d-m5cvt
2026-08-16 12:02:58.549,1668440064.0,bert-inference-69f8cc488d-9hq65
2026-08-16 12:03:03.549,1668440064.0,bert-inference-69f8cc488d-9hq65
2026-08-16 12:03:03.549,1249329152.0,bert-inference-69f8cc488d-m5cvt
2026-08-16 12:03:08.549,1668440064.0,bert-inference-69f8cc488d-9hq65
2026-08-16 12:03:08.549,1249329152.0,bert-inference-69f8cc488d-m5cvt
2026-08-16 12:03:13.549,1249329152.0,bert-inference-69f8cc488d-m5cvt
2026-08-16 12:03:13.549,1668460544.0,bert-inference-69f8cc488d-9hq65
2026-08-16 12:03:18.549,1668460544.0,bert-inference-69f8cc488d-9hq65
2026-08-16 12:03:18.549,1249329152.0,bert-inference-69f8cc488d-m5cvt
2026-08-16 12:03:23.549,1668460544.0,bert-inference-69f8cc488d-9hq65
2026-08-16 12:03:23.549,1249583104.0,bert-inference-69f8cc488d-m5cvt
2026-08-16 12:03:28.549,1668460544.0,bert-inference-69f8cc488d-9hq65
2026-08-16 12:03:28.549,1249583104.0,bert-inference-69f8cc488d-m5cvt
2026-08-16 12:03:33.549,1668661248.0,bert-inference-69f8cc488d-9hq65
2026-08-16 12:03:33.549,1249583104.0,bert-inference-69f8cc488d-m5cvt
2026-08-16 12:03:38.549,1249583104.0,bert-inference-69f8cc488d-m5cvt
2026-08-16 12:03:38.549,1668661248.0,bert-inference-69f8cc488d-9hq65
2026-08-16 12:03:43.549,1668661248.0,bert-inference-69f8cc488d-9hq65
2026-08-16 12:03:43.549,1249357824.0,bert-inference-69f8cc488d-m5cvt
2026-08-16 12:03:48.549,1249357824.0,bert-inference-69f8cc488d-m5cvt
2026-08-16 12:03:48.549,1668440064.0,bert-inference-69f8cc488d-9hq65
2026-08-16 12:03:53.549,1668440064.0,bert-inference-69f8cc488d-9hq65
2026-08-16 12:03:53.549,1249357824.0,bert-inference-69f8cc488d-m5cvt
2026-08-16 12:03:58.549,1249349632.0,bert-inference-69f8cc488d-m5cvt
2026-08-16 12:03:58.549,1668440064.0,bert-inference-69f8cc488d-9hq65
2026-08-16 12:04:03.549,1668440064.0,bert-inference-69f8cc488d-9hq65
2026-08-16 12:04:03.549,1249349632.0,bert-inference-69f8cc488d-m5cvt
2026-08-16 12:04:08.549,1668460544.0,bert-inference-69f8cc488d-9hq65
2026-08-16 12:04:08.549,1249349632.0,bert-inference-69f8cc488d-m5cvt
2026-08-16 12:04:13.549,1668460544.0,bert-inference-69f8cc488d-9hq65
2026-08-16 12:04:13.549,1249828864.0,bert-inference-69f8cc488d-m5cvt
2026-08-16 12:04:18.549,1668460544.0,bert-inference-69f8cc488d-9hq65
2026-08-16 12:04:18.549,1249828864.0,bert-inference-69f8cc488d-m5cvt
2026-08-16 12:04:23.549,1668435968.0,bert-inference-69f8cc488d-9hq65
2026-08-16 12:04:23.549,1249828864.0,bert-inference-69f8cc488d-m5cvt
2026-08-16 12:04:28.549,1249837056.0,bert-inference-69f8cc488d-m5cvt
2026-08-16 12:04:28.549,1668435968.0,bert-inference-69f8cc488d-9hq65
2026-08-16 12:04:33.549,1249837056.0,bert-inference-69f8cc488d-m5cvt
2026-08-16 12:04:33.549,1668440064.0,bert-inference-69f8cc488d-9hq65
2026-08-16 12:04:38.549,1668440064.0,bert-inference-69f8cc488d-9hq65
2026-08-16 12:04:38.549,1249837056.0,bert-inference-69f8cc488d-m5cvt
2026-08-16 12:04:43.549,1249837056.0,bert-inference-69f8cc488d-m5cvt
2026-08-16 12:04:43.549,1668440064.0,bert-inference-69f8cc488d-9hq65
2026-08-16 12:04:48.549,1249361920.0,bert-inference-69f8cc488d-m5cvt
2026-08-16 12:04:48.549,1668440064.0,bert-inference-69f8cc488d-9hq65
2026-08-16 12:04:53.549,1249361920.0,bert-inference-69f8cc488d-m5cvt
2026-08-16 12:04:53.549,1668440064.0,bert-inference-69f8cc488d-9hq65
2026-08-16 12:04:58.549,1668440064.0,bert-inference-69f8cc488d-9hq65
2026-08-16 12:04:58.549,1249325056.0,bert-inference-69f8cc488d-m5cvt
2026-08-16 12:05:03.549,1668440064.0,bert-inference-69f8cc488d-9hq65
2026-08-16 12:05:03.549,1249325056.0,bert-inference-69f8cc488d-m5cvt
2026-08-16 12:05:08.549,1668464640.0,bert-inference-69f8cc488d-9hq65
2026-08-16 12:05:08.549,1249325056.0,bert-inference-69f8cc488d-m5cvt
2026-08-16 12:05:13.549,1668464640.0,bert-inference-69f8cc488d-9hq65
2026-08-16 12:05:13.549,1249603584.0,bert-inference-69f8cc488d-m5cvt
2026-08-16 12:05:18.549,1668440064.0,bert-inference-69f8cc488d-9hq65
2026-08-16 12:05:18.549,1249603584.0,bert-inference-69f8cc488d-m5cvt
2026-08-16 12:05:23.549,1668440064.0,bert-inference-69f8cc488d-9hq65
2026-08-16 12:05:23.549,1249603584.0,bert-inference-69f8cc488d-m5cvt
2026-08-16 12:05:28.549,1668440064.0,bert-inference-69f8cc488d-9hq65
2026-08-16 12:05:28.549,1249603584.0,bert-inference-69f8cc488d-m5cvt
2026-08-16 12:05:33.549,1668440064.0,bert-inference-69f8cc488d-9hq65
2026-08-16 12:05:33.549,1249603584.0,bert-inference-69f8cc488d-m5cvt
2026-08-16 12:05:38.549,1668440064.0,bert-inference-69f8cc488d-9hq65
2026-08-16 12:05:38.549,1249603584.0,bert-inference-69f8cc488d-m5cvt
2026-08-16 12:05:43.549,1668440064.0,bert-inference-69f8cc488d-9hq65
2026-08-16 12:05:43.549,1249603584.0,bert-inference-69f8cc488d-m5cvt
2026-08-16 12:05:48.549,1668440064.0,bert-inference-69f8cc488d-9hq65
2026-08-16 12:05:48.549,1249607680.0,bert-inference-69f8cc488d-m5cvt
2026-08-16 12:05:53.549,1249607680.0,bert-inference-69f8cc488d-m5cvt
2026-08-16 12:05:53.549,1668440064.0,bert-inference-69f8cc488d-9hq65
2026-08-16 12:05:58.549,1249607680.0,bert-inference-69f8cc488d-m5cvt
2026-08-16 12:05:58.549,1668440064.0,bert-inference-69f8cc488d-9hq65
2026-08-16 12:06:03.549,1668440064.0,bert-inference-69f8cc488d-9hq65
2026-08-16 12:06:03.549,1249325056.0,bert-inference-69f8cc488d-m5cvt
2026-08-16 12:06:08.549,1668669440.0,bert-inference-69f8cc488d-9hq65
2026-08-16 12:06:08.549,1249325056.0,bert-inference-69f8cc488d-m5cvt
2026-08-16 12:06:13.549,1668669440.0,bert-inference-69f8cc488d-9hq65
2026-08-16 12:06:13.549,1249325056.0,bert-inference-69f8cc488d-m5cvt
2026-08-16 12:06:18.549,1249325056.0,bert-inference-69f8cc488d-m5cvt
2026-08-16 12:06:18.549,1668669440.0,bert-inference-69f8cc488d-9hq65
2026-08-16 12:06:23.549,1249325056.0,bert-inference-69f8cc488d-m5cvt
2026-08-16 12:06:23.549,1668694016.0,bert-inference-69f8cc488d-9hq65
2026-08-16 12:06:28.549,1668694016.0,bert-inference-69f8cc488d-9hq65
2026-08-16 12:06:28.549,1249325056.0,bert-inference-69f8cc488d-m5cvt
2026-08-16 12:06:33.549,1668694016.0,bert-inference-69f8cc488d-9hq65
2026-08-16 12:06:33.549,1249325056.0,bert-inference-69f8cc488d-m5cvt
2026-08-16 12:06:38.549,1668440064.0,bert-inference-69f8cc488d-9hq65
2026-08-16 12:06:38.549,1249820672.0,bert-inference-69f8cc488d-m5cvt
2026-08-16 12:06:43.549,1249820672.0,bert-inference-69f8cc488d-m5cvt
2026-08-16 12:06:43.549,1668440064.0,bert-inference-69f8cc488d-9hq65
2026-08-16 12:06:48.549,1249820672.0,bert-inference-69f8cc488d-m5cvt
2026-08-16 12:06:48.549,1668440064.0,bert-inference-69f8cc488d-9hq65
2026-08-16 12:06:53.549,1249583104.0,bert-inference-69f8cc488d-m5cvt
2026-08-16 12:06:53.549,1668661248.0,bert-inference-69f8cc488d-9hq65
2026-08-16 12:06:58.549,1668661248.0,bert-inference-69f8cc488d-9hq65
2026-08-16 12:06:58.549,1249583104.0,bert-inference-69f8cc488d-m5cvt
2026-08-16 12:07:03.549,1668661248.0,bert-inference-69f8cc488d-9hq65
2026-08-16 12:07:03.549,1249583104.0,bert-inference-69f8cc488d-m5cvt
2026-08-16 12:07:08.549,1668444160.0,bert-inference-69f8cc488d-9hq65
2026-08-16 12:07:08.549,1249325056.0,bert-inference-69f8cc488d-m5cvt
2026-08-16 12:07:13.549,1668444160.0,bert-inference-69f8cc488d-9hq65
2026-08-16 12:07:13.549,1249325056.0,bert-inference-69f8cc488d-m5cvt
2026-08-16 12:07:18.549,1668460544.0,bert-inference-69f8cc488d-9hq65
2026-08-16 12:07:18.549,1249325056.0,bert-inference-69f8cc488d-m5cvt
2026-08-16 12:07:23.549,1668460544.0,bert-inference-69f8cc488d-9hq65
2026-08-16 12:07:23.549,1249341440.0,bert-inference-69f8cc488d-m5cvt
2026-08-16 12:07:28.549,1249341440.0,bert-inference-69f8cc488d-m5cvt
2026-08-16 12:07:28.549,1668460544.0,bert-inference-69f8cc488d-9hq65
2026-08-16 12:07:33.549,1249841152.0,bert-inference-69f8cc488d-m5cvt
2026-08-16 12:07:33.549,1668444160.0,bert-inference-69f8cc488d-9hq65
2026-08-16 12:07:38.549,1249841152.0,bert-inference-69f8cc488d-m5cvt
2026-08-16 12:07:38.549,1668444160.0,bert-inference-69f8cc488d-9hq65
2026-08-16 12:07:43.549,1249841152.0,bert-inference-69f8cc488d-m5cvt
2026-08-16 12:07:43.549,1668689920.0,bert-inference-69f8cc488d-9hq65
2026-08-16 12:07:48.549,1668689920.0,bert-inference-69f8cc488d-9hq65
2026-08-16 12:07:48.549,1249841152.0,bert-inference-69f8cc488d-m5cvt
2026-08-16 12:07:53.549,1249550336.0,bert-inference-69f8cc488d-m5cvt
2026-08-16 12:07:53.549,1668665344.0,bert-inference-69f8cc488d-9hq65
2026-08-16 12:07:58.549,1668665344.0,bert-inference-69f8cc488d-9hq65
2026-08-16 12:07:58.549,1249550336.0,bert-inference-69f8cc488d-m5cvt
2026-08-16 12:08:03.549,1668665344.0,bert-inference-69f8cc488d-9hq65
2026-08-16 12:08:03.549,1249550336.0,bert-inference-69f8cc488d-m5cvt
2026-08-16 12:08:08.549,1668665344.0,bert-inference-69f8cc488d-9hq65
2026-08-16 12:08:08.549,1249554432.0,bert-inference-69f8cc488d-m5cvt
2026-08-16 12:08:13.549,1668440064.0,bert-inference-69f8cc488d-9hq65
2026-08-16 12:08:13.549,1249554432.0,bert-inference-69f8cc488d-m5cvt
2026-08-16 12:08:18.549,1249554432.0,bert-inference-69f8cc488d-m5cvt
2026-08-16 12:08:18.549,1668440064.0,bert-inference-69f8cc488d-9hq65
2026-08-16 12:08:23.549,1668460544.0,bert-inference-69f8cc488d-9hq65
2026-08-16 12:08:23.549,1249554432.0,bert-inference-69f8cc488d-m5cvt
2026-08-16 12:08:28.549,1668460544.0,bert-inference-69f8cc488d-9hq65
2026-08-16 12:08:28.549,1249554432.0,bert-inference-69f8cc488d-m5cvt
2026-08-16 12:08:33.549,1249554432.0,bert-inference-69f8cc488d-m5cvt
2026-08-16 12:08:33.549,1668460544.0,bert-inference-69f8cc488d-9hq65
2026-08-16 12:08:38.549,1249333248.0,bert-inference-69f8cc488d-m5cvt
2026-08-16 12:08:38.549,1668460544.0,bert-inference-69f8cc488d-9hq65
2026-08-16 12:08:43.549,1668444160.0,bert-inference-69f8cc488d-9hq65
2026-08-16 12:08:43.549,1249333248.0,bert-inference-69f8cc488d-m5cvt
2026-08-16 12:08:48.549,1668444160.0,bert-inference-69f8cc488d-9hq65
2026-08-16 12:08:48.549,1249333248.0,bert-inference-69f8cc488d-m5cvt
2026-08-16 12:08:53.549,1668685824.0,bert-inference-69f8cc488d-9hq65
2026-08-16 12:08:53.549,1249329152.0,bert-inference-69f8cc488d-m5cvt
2026-08-16 12:08:58.549,1249329152.0,bert-inference-69f8cc488d-m5cvt
2026-08-16 12:08:58.549,1668685824.0,bert-inference-69f8cc488d-9hq65
2026-08-16 12:09:03.549,1668685824.0,bert-inference-69f8cc488d-9hq65
2026-08-16 12:09:03.549,1249325056.0,bert-inference-69f8cc488d-m5cvt
2026-08-16 12:09:08.549,1668685824.0,bert-inference-69f8cc488d-9hq65
2026-08-16 12:09:08.549,1249325056.0,bert-inference-69f8cc488d-m5cvt
2026-08-16 12:09:13.549,1249325056.0,bert-inference-69f8cc488d-m5cvt
2026-08-16 12:09:13.549,1668440064.0,bert-inference-69f8cc488d-9hq65
2026-08-16 12:09:18.549,1668440064.0,bert-inference-69f8cc488d-9hq65
2026-08-16 12:09:18.549,1249325056.0,bert-inference-69f8cc488d-m5cvt
2026-08-16 12:09:23.549,1668444160.0,bert-inference-69f8cc488d-9hq65
2026-08-16 12:09:23.549,1249325056.0,bert-inference-69f8cc488d-m5cvt
2026-08-16 12:09:28.549,1668444160.0,bert-inference-69f8cc488d-9hq65
2026-08-16 12:09:28.549,1249583104.0,bert-inference-69f8cc488d-m5cvt
2026-08-16 12:09:33.549,1668444160.0,bert-inference-69f8cc488d-9hq65
2026-08-16 12:09:33.549,1249583104.0,bert-inference-69f8cc488d-m5cvt
2026-08-16 12:09:38.549,1249583104.0,bert-inference-69f8cc488d-m5cvt
2026-08-16 12:09:38.549,1668440064.0,bert-inference-69f8cc488d-9hq65
2026-08-16 12:09:43.549,1249570816.0,bert-inference-69f8cc488d-m5cvt
2026-08-16 12:09:43.549,1668440064.0,bert-inference-69f8cc488d-9hq65
2026-08-16 12:09:48.549,1249570816.0,bert-inference-69f8cc488d-m5cvt
2026-08-16 12:09:48.549,1668440064.0,bert-inference-69f8cc488d-9hq65
2026-08-16 12:09:53.549,1668440064.0,bert-inference-69f8cc488d-9hq65
2026-08-16 12:09:53.549,1249570816.0,bert-inference-69f8cc488d-m5cvt
2026-08-16 12:09:58.549,1668440064.0,bert-inference-69f8cc488d-9hq65
2026-08-16 12:09:58.549,1249320960.0,bert-inference-69f8cc488d-m5cvt
2026-08-16 12:10:03.549,1668440064.0,bert-inference-69f8cc488d-9hq65
2026-08-16 12:10:03.549,1249320960.0,bert-inference-69f8cc488d-m5cvt
2026-08-16 12:10:08.549,1668481024.0,bert-inference-69f8cc488d-9hq65
2026-08-16 12:10:08.549,1249325056.0,bert-inference-69f8cc488d-m5cvt
2026-08-16 12:10:13.549,1249325056.0,bert-inference-69f8cc488d-m5cvt
2026-08-16 12:10:13.549,1668481024.0,bert-inference-69f8cc488d-9hq65
2026-08-16 12:10:18.549,1249325056.0,bert-inference-69f8cc488d-m5cvt
2026-08-16 12:10:18.549,1668481024.0,bert-inference-69f8cc488d-9hq65
2026-08-16 12:10:23.549,1668694016.0,bert-inference-69f8cc488d-9hq65
2026-08-16 12:10:23.549,1249574912.0,bert-inference-69f8cc488d-m5cvt
2026-08-16 12:10:28.549,1668694016.0,bert-inference-69f8cc488d-9hq65
2026-08-16 12:10:28.549,1249574912.0,bert-inference-69f8cc488d-m5cvt
2026-08-16 12:10:33.549,1668694016.0,bert-inference-69f8cc488d-9hq65
2026-08-16 12:10:33.549,1249574912.0,bert-inference-69f8cc488d-m5cvt
2026-08-16 12:10:38.549,1668694016.0,bert-inference-69f8cc488d-9hq65
2026-08-16 12:10:38.549,1249353728.0,bert-inference-69f8cc488d-m5cvt
2026-08-16 12:10:43.549,1249353728.0,bert-inference-69f8cc488d-m5cvt
2026-08-16 12:10:43.549,1668444160.0,bert-inference-69f8cc488d-9hq65
2026-08-16 12:10:48.549,1668444160.0,bert-inference-69f8cc488d-9hq65
2026-08-16 12:10:48.549,1249353728.0,bert-inference-69f8cc488d-m5cvt
2026-08-16 12:10:53.549,1668444160.0,bert-inference-69f8cc488d-9hq65
2026-08-16 12:10:53.549,1249353728.0,bert-inference-69f8cc488d-m5cvt
2026-08-16 12:10:58.549,1668444160.0,bert-inference-69f8cc488d-9hq65
2026-08-16 12:10:58.549,1249538048.0,bert-inference-69f8cc488d-m5cvt
2026-08-16 12:11:03.549,1249538048.0,bert-inference-69f8cc488d-m5cvt
2026-08-16 12:11:03.549,1668444160.0,bert-inference-69f8cc488d-9hq65
2026-08-16 12:11:08.549,1249538048.0,bert-inference-69f8cc488d-m5cvt
2026-08-16 12:11:08.549,1668444160.0,bert-inference-69f8cc488d-9hq65
2026-08-16 12:11:13.549,1249325056.0,bert-inference-69f8cc488d-m5cvt
2026-08-16 12:11:13.549,1668444160.0,bert-inference-69f8cc488d-9hq65
2026-08-16 12:11:18.549,1668444160.0,bert-inference-69f8cc488d-9hq65
2026-08-16 12:11:18.549,1249325056.0,bert-inference-69f8cc488d-m5cvt
2026-08-16 12:11:23.549,1249325056.0,bert-inference-69f8cc488d-m5cvt
2026-08-16 12:11:23.549,1668435968.0,bert-inference-69f8cc488d-9hq65
2026-08-16 12:11:28.549,1668435968.0,bert-inference-69f8cc488d-9hq65
2026-08-16 12:11:28.549,1249583104.0,bert-inference-69f8cc488d-m5cvt
2026-08-16 12:11:33.549,1249583104.0,bert-inference-69f8cc488d-m5cvt
2026-08-16 12:11:33.549,1668718592.0,bert-inference-69f8cc488d-9hq65
2026-08-16 12:11:38.549,1249583104.0,bert-inference-69f8cc488d-m5cvt
2026-08-16 12:11:38.549,1668718592.0,bert-inference-69f8cc488d-9hq65
2026-08-16 12:11:43.549,1668444160.0,bert-inference-69f8cc488d-9hq65
2026-08-16 12:11:43.549,1249583104.0,bert-inference-69f8cc488d-m5cvt
2026-08-16 12:11:48.549,1249325056.0,bert-inference-69f8cc488d-m5cvt
2026-08-16 12:11:48.549,1668444160.0,bert-inference-69f8cc488d-9hq65
2026-08-16 12:11:53.549,1249325056.0,bert-inference-69f8cc488d-m5cvt
2026-08-16 12:11:53.549,1668444160.0,bert-inference-69f8cc488d-9hq65
2026-08-16 12:11:58.549,1249325056.0,bert-inference-69f8cc488d-m5cvt
2026-08-16 12:11:58.549,1668444160.0,bert-inference-69f8cc488d-9hq65
2026-08-16 12:12:03.549,1249349632.0,bert-inference-69f8cc488d-m5cvt
2026-08-16 12:12:03.549,1668440064.0,bert-inference-69f8cc488d-9hq65
2026-08-16 12:12:08.549,1249349632.0,bert-inference-69f8cc488d-m5cvt
2026-08-16 12:12:08.549,1668440064.0,bert-inference-69f8cc488d-9hq65
2026-08-16 12:12:13.549,1668440064.0,bert-inference-69f8cc488d-9hq65
2026-08-16 12:12:13.549,1249349632.0,bert-inference-69f8cc488d-m5cvt
2026-08-16 12:12:18.549,1668440064.0,bert-inference-69f8cc488d-9hq65
2026-08-16 12:12:18.549,1249329152.0,bert-inference-69f8cc488d-m5cvt
2026-08-16 12:12:23.549,1249329152.0,bert-inference-69f8cc488d-m5cvt
2026-08-16 12:12:23.549,1668435968.0,bert-inference-69f8cc488d-9hq65
2026-08-16 12:12:28.549,1668435968.0,bert-inference-69f8cc488d-9hq65
2026-08-16 12:12:28.549,1249325056.0,bert-inference-69f8cc488d-m5cvt
2026-08-16 12:12:33.549,1668435968.0,bert-inference-69f8cc488d-9hq65
2026-08-16 12:12:33.549,1249325056.0,bert-inference-69f8cc488d-m5cvt
2026-08-16 12:12:38.549,1668435968.0,bert-inference-69f8cc488d-9hq65
2026-08-16 12:12:38.549,1249325056.0,bert-inference-69f8cc488d-m5cvt
2026-08-16 12:12:43.549,1668698112.0,bert-inference-69f8cc488d-9hq65
2026-08-16 12:12:43.549,1249325056.0,bert-inference-69f8cc488d-m5cvt
2026-08-16 12:12:48.549,1249325056.0,bert-inference-69f8cc488d-m5cvt
2026-08-16 12:12:48.549,1668698112.0,bert-inference-69f8cc488d-9hq65
2026-08-16 12:12:53.549,1249325056.0,bert-inference-69f8cc488d-m5cvt
2026-08-16 12:12:53.549,1668440064.0,bert-inference-69f8cc488d-9hq65
2026-08-16 12:12:58.549,1249550336.0,bert-inference-69f8cc488d-m5cvt
2026-08-16 12:12:58.549,1668440064.0,bert-inference-69f8cc488d-9hq65
2026-08-16 12:13:03.549,1249550336.0,bert-inference-69f8cc488d-m5cvt
2026-08-16 12:13:03.549,1668931584.0,bert-inference-69f8cc488d-9hq65
2026-08-16 12:13:08.549,1668931584.0,bert-inference-69f8cc488d-9hq65
2026-08-16 12:13:08.549,1249550336.0,bert-inference-69f8cc488d-m5cvt
2026-08-16 12:13:13.549,1668931584.0,bert-inference-69f8cc488d-9hq65
2026-08-16 12:13:13.549,1249550336.0,bert-inference-69f8cc488d-m5cvt
2026-08-16 12:13:18.549,1249329152.0,bert-inference-69f8cc488d-m5cvt
2026-08-16 12:13:18.549,1668931584.0,bert-inference-69f8cc488d-9hq65
2026-08-16 12:13:23.549,1249329152.0,bert-inference-69f8cc488d-m5cvt
2026-08-16 12:13:23.549,1668435968.0,bert-inference-69f8cc488d-9hq65
2026-08-16 12:13:28.549,1249329152.0,bert-inference-69f8cc488d-m5cvt
2026-08-16 12:13:28.549,1668435968.0,bert-inference-69f8cc488d-9hq65
2026-08-16 12:13:33.549,1249325056.0,bert-inference-69f8cc488d-m5cvt
2026-08-16 12:13:33.549,1668661248.0,bert-inference-69f8cc488d-9hq65
2026-08-16 12:13:38.549,1249325056.0,bert-inference-69f8cc488d-m5cvt
2026-08-16 12:13:38.549,1668661248.0,bert-inference-69f8cc488d-9hq65
2026-08-16 12:13:43.549,1668440064.0,bert-inference-69f8cc488d-9hq65
2026-08-16 12:13:43.549,1249325056.0,bert-inference-69f8cc488d-m5cvt
2026-08-16 12:13:48.549,1668440064.0,bert-inference-69f8cc488d-9hq65
2026-08-16 12:13:48.549,1249325056.0,bert-inference-69f8cc488d-m5cvt
2026-08-16 12:13:53.549,1668440064.0,bert-inference-69f8cc488d-9hq65
2026-08-16 12:13:53.549,1249329152.0,bert-inference-69f8cc488d-m5cvt
2026-08-16 12:13:58.549,1249329152.0,bert-inference-69f8cc488d-m5cvt
2026-08-16 12:13:58.549,1668440064.0,bert-inference-69f8cc488d-9hq65
2026-08-16 12:14:03.549,1249329152.0,bert-inference-69f8cc488d-m5cvt
2026-08-16 12:14:03.549,1668440064.0,bert-inference-69f8cc488d-9hq65
2026-08-16 12:14:08.549,1249603584.0,bert-inference-69f8cc488d-m5cvt
2026-08-16 12:14:08.549,1668440064.0,bert-inference-69f8cc488d-9hq65
2026-08-16 12:14:13.549,1668440064.0,bert-inference-69f8cc488d-9hq65
2026-08-16 12:14:13.549,1249603584.0,bert-inference-69f8cc488d-m5cvt
2026-08-16 12:14:18.549,1668440064.0,bert-inference-69f8cc488d-9hq65
2026-08-16 12:14:18.549,1249603584.0,bert-inference-69f8cc488d-m5cvt
2026-08-16 12:14:23.549,1249353728.0,bert-inference-69f8cc488d-m5cvt
2026-08-16 12:14:23.549,1668440064.0,bert-inference-69f8cc488d-9hq65
2026-08-16 12:14:28.549,1668464640.0,bert-inference-69f8cc488d-9hq65
2026-08-16 12:14:28.549,1249353728.0,bert-inference-69f8cc488d-m5cvt
2026-08-16 12:14:33.549,1249353728.0,bert-inference-69f8cc488d-m5cvt
2026-08-16 12:14:33.549,1668464640.0,bert-inference-69f8cc488d-9hq65
2026-08-16 12:14:38.549,1249325056.0,bert-inference-69f8cc488d-m5cvt
2026-08-16 12:14:38.549,1668464640.0,bert-inference-69f8cc488d-9hq65
2026-08-16 12:14:43.549,1249325056.0,bert-inference-69f8cc488d-m5cvt
2026-08-16 12:14:43.549,1668685824.0,bert-inference-69f8cc488d-9hq65
2026-08-16 12:14:48.549,1668685824.0,bert-inference-69f8cc488d-9hq65
2026-08-16 12:14:48.549,1249345536.0,bert-inference-69f8cc488d-m5cvt
2026-08-16 12:14:53.549,1668440064.0,bert-inference-69f8cc488d-9hq65
2026-08-16 12:14:53.549,1249345536.0,bert-inference-69f8cc488d-m5cvt
2026-08-16 12:14:58.549,1668440064.0,bert-inference-69f8cc488d-9hq65
2026-08-16 12:14:58.549,1249554432.0,bert-inference-69f8cc488d-m5cvt
2026-08-16 12:15:03.549,1249554432.0,bert-inference-69f8cc488d-m5cvt
2026-08-16 12:15:03.549,1668440064.0,bert-inference-69f8cc488d-9hq65
2026-08-16 12:15:08.549,1668440064.0,bert-inference-69f8cc488d-9hq65
2026-08-16 12:15:08.549,1249554432.0,bert-inference-69f8cc488d-m5cvt
2026-08-16 12:15:13.549,1249325056.0,bert-inference-69f8cc488d-m5cvt
2026-08-16 12:15:13.549,1668440064.0,bert-inference-69f8cc488d-9hq65
2026-08-16 12:15:18.549,1249325056.0,bert-inference-69f8cc488d-m5cvt
2026-08-16 12:15:18.549,1668440064.0,bert-inference-69f8cc488d-9hq65
2026-08-16 12:15:23.549,1249325056.0,bert-inference-69f8cc488d-m5cvt
2026-08-16 12:15:23.549,1668440064.0,bert-inference-69f8cc488d-9hq65
2026-08-16 12:15:28.549,1668435968.0,bert-inference-69f8cc488d-9hq65
2026-08-16 12:15:28.549,1249349632.0,bert-inference-69f8cc488d-m5cvt
2026-08-16 12:15:33.549,1668435968.0,bert-inference-69f8cc488d-9hq65
2026-08-16 12:15:33.549,1249349632.0,bert-inference-69f8cc488d-m5cvt
2026-08-16 12:15:38.549,1668435968.0,bert-inference-69f8cc488d-9hq65
2026-08-16 12:15:38.549,1249349632.0,bert-inference-69f8cc488d-m5cvt
2026-08-16 12:15:43.549,1668435968.0,bert-inference-69f8cc488d-9hq65
2026-08-16 12:15:43.549,1249325056.0,bert-inference-69f8cc488d-m5cvt
2026-08-16 12:15:48.549,1668460544.0,bert-inference-69f8cc488d-9hq65
2026-08-16 12:15:48.549,1249325056.0,bert-inference-69f8cc488d-m5cvt
2026-08-16 12:15:53.549,1668460544.0,bert-inference-69f8cc488d-9hq65
2026-08-16 12:15:53.549,1249325056.0,bert-inference-69f8cc488d-m5cvt
2026-08-16 12:15:58.549,1249845248.0,bert-inference-69f8cc488d-m5cvt
2026-08-16 12:15:58.549,1668460544.0,bert-inference-69f8cc488d-9hq65
2026-08-16 12:16:03.549,1668440064.0,bert-inference-69f8cc488d-9hq65
2026-08-16 12:16:03.549,1249845248.0,bert-inference-69f8cc488d-m5cvt
2026-08-16 12:16:08.549,1668440064.0,bert-inference-69f8cc488d-9hq65
2026-08-16 12:16:08.549,1249845248.0,bert-inference-69f8cc488d-m5cvt
2026-08-16 12:16:13.549,1668440064.0,bert-inference-69f8cc488d-9hq65
2026-08-16 12:16:13.549,1249329152.0,bert-inference-69f8cc488d-m5cvt
2026-08-16 12:16:18.549,1249329152.0,bert-inference-69f8cc488d-m5cvt
2026-08-16 12:16:18.549,1668734976.0,bert-inference-69f8cc488d-9hq65
2026-08-16 12:16:23.549,1668734976.0,bert-inference-69f8cc488d-9hq65
2026-08-16 12:16:23.549,1249325056.0,bert-inference-69f8cc488d-m5cvt
2026-08-16 12:16:28.549,1249325056.0,bert-inference-69f8cc488d-m5cvt
2026-08-16 12:16:28.549,1668734976.0,bert-inference-69f8cc488d-9hq65
2026-08-16 12:16:33.549,1249325056.0,bert-inference-69f8cc488d-m5cvt
2026-08-16 12:16:33.549,1668734976.0,bert-inference-69f8cc488d-9hq65
2026-08-16 12:16:38.549,1249325056.0,bert-inference-69f8cc488d-m5cvt
2026-08-16 12:16:38.549,1668440064.0,bert-inference-69f8cc488d-9hq65
2026-08-16 12:16:43.549,1668440064.0,bert-inference-69f8cc488d-9hq65
2026-08-16 12:16:43.549,1249325056.0,bert-inference-69f8cc488d-m5cvt
2026-08-16 12:16:48.549,1668669440.0,bert-inference-69f8cc488d-9hq65
2026-08-16 12:16:48.549,1249325056.0,bert-inference-69f8cc488d-m5cvt
2026-08-16 12:16:53.549,1249329152.0,bert-inference-69f8cc488d-m5cvt
2026-08-16 12:16:53.549,1668669440.0,bert-inference-69f8cc488d-9hq65
2026-08-16 12:16:58.549,1668460544.0,bert-inference-69f8cc488d-9hq65
2026-08-16 12:16:58.549,1249329152.0,bert-inference-69f8cc488d-m5cvt
2026-08-16 12:17:03.549,1249329152.0,bert-inference-69f8cc488d-m5cvt
2026-08-16 12:17:03.549,1668460544.0,bert-inference-69f8cc488d-9hq65
2026-08-16 12:17:08.549,1249353728.0,bert-inference-69f8cc488d-m5cvt
2026-08-16 12:17:08.549,1668460544.0,bert-inference-69f8cc488d-9hq65
2026-08-16 12:17:13.549,1249353728.0,bert-inference-69f8cc488d-m5cvt
2026-08-16 12:17:13.549,1668440064.0,bert-inference-69f8cc488d-9hq65
2026-08-16 12:17:18.549,1249353728.0,bert-inference-69f8cc488d-m5cvt
2026-08-16 12:17:18.549,1668440064.0,bert-inference-69f8cc488d-9hq65
2026-08-16 12:17:23.549,1249619968.0,bert-inference-69f8cc488d-m5cvt
2026-08-16 12:17:23.549,1668440064.0,bert-inference-69f8cc488d-9hq65
2026-08-16 12:17:28.549,1249619968.0,bert-inference-69f8cc488d-m5cvt
2026-08-16 12:17:28.549,1668440064.0,bert-inference-69f8cc488d-9hq65
2026-08-16 12:17:33.549,1668440064.0,bert-inference-69f8cc488d-9hq65
2026-08-16 12:17:33.549,1249619968.0,bert-inference-69f8cc488d-m5cvt
2026-08-16 12:17:38.549,1249550336.0,bert-inference-69f8cc488d-m5cvt
2026-08-16 12:17:38.549,1668440064.0,bert-inference-69f8cc488d-9hq65
2026-08-16 12:17:43.549,1668440064.0,bert-inference-69f8cc488d-9hq65
2026-08-16 12:17:43.549,1249550336.0,bert-inference-69f8cc488d-m5cvt
2026-08-16 12:17:48.549,1668440064.0,bert-inference-69f8cc488d-9hq65
2026-08-16 12:17:48.549,1249550336.0,bert-inference-69f8cc488d-m5cvt
2026-08-16 12:17:53.549,1249550336.0,bert-inference-69f8cc488d-m5cvt
2026-08-16 12:17:53.549,1668440064.0,bert-inference-69f8cc488d-9hq65
2026-08-16 12:17:58.549,1668440064.0,bert-inference-69f8cc488d-9hq65
2026-08-16 12:17:58.549,1249550336.0,bert-inference-69f8cc488d-m5cvt
2026-08-16 12:18:03.549,1668661248.0,bert-inference-69f8cc488d-9hq65
2026-08-16 12:18:03.549,1249550336.0,bert-inference-69f8cc488d-m5cvt
2026-08-16 12:18:08.549,1249587200.0,bert-inference-69f8cc488d-m5cvt
2026-08-16 12:18:08.549,1668661248.0,bert-inference-69f8cc488d-9hq65
2026-08-16 12:18:13.549,1668661248.0,bert-inference-69f8cc488d-9hq65
2026-08-16 12:18:13.549,1249587200.0,bert-inference-69f8cc488d-m5cvt
2026-08-16 12:18:18.549,1249587200.0,bert-inference-69f8cc488d-m5cvt
2026-08-16 12:18:18.549,1668440064.0,bert-inference-69f8cc488d-9hq65
2026-08-16 12:18:23.549,1668440064.0,bert-inference-69f8cc488d-9hq65
2026-08-16 12:18:23.549,1249329152.0,bert-inference-69f8cc488d-m5cvt
2026-08-16 12:18:28.549,1249329152.0,bert-inference-69f8cc488d-m5cvt
2026-08-16 12:18:28.549,1668440064.0,bert-inference-69f8cc488d-9hq65
2026-08-16 12:18:33.549,1668460544.0,bert-inference-69f8cc488d-9hq65
2026-08-16 12:18:33.549,1249329152.0,bert-inference-69f8cc488d-m5cvt
2026-08-16 12:18:38.549,1668460544.0,bert-inference-69f8cc488d-9hq65
2026-08-16 12:18:38.549,1249841152.0,bert-inference-69f8cc488d-m5cvt
2026-08-16 12:18:43.549,1668460544.0,bert-inference-69f8cc488d-9hq65
2026-08-16 12:18:43.549,1249841152.0,bert-inference-69f8cc488d-m5cvt
2026-08-16 12:18:48.549,1668460544.0,bert-inference-69f8cc488d-9hq65
2026-08-16 12:18:48.549,1249841152.0,bert-inference-69f8cc488d-m5cvt
2026-08-16 12:18:53.549,1668460544.0,bert-inference-69f8cc488d-9hq65
2026-08-16 12:18:53.549,1249841152.0,bert-inference-69f8cc488d-m5cvt
2026-08-16 12:18:58.549,1249325056.0,bert-inference-69f8cc488d-m5cvt
2026-08-16 12:18:58.549,1668460544.0,bert-inference-69f8cc488d-9hq65
2026-08-16 12:19:03.549,1668460544.0,bert-inference-69f8cc488d-9hq65
2026-08-16 12:19:03.549,1249325056.0,bert-inference-69f8cc488d-m5cvt
2026-08-16 12:19:08.549,1249325056.0,bert-inference-69f8cc488d-m5cvt
2026-08-16 12:19:08.549,1668440064.0,bert-inference-69f8cc488d-9hq65
2026-08-16 12:19:13.549,1249574912.0,bert-inference-69f8cc488d-m5cvt
2026-08-16 12:19:13.549,1668440064.0,bert-inference-69f8cc488d-9hq65
2026-08-16 12:19:18.549,1249574912.0,bert-inference-69f8cc488d-m5cvt
2026-08-16 12:19:18.549,1668440064.0,bert-inference-69f8cc488d-9hq65
2026-08-16 12:19:23.549,1668460544.0,bert-inference-69f8cc488d-9hq65
2026-08-16 12:19:23.549,1249574912.0,bert-inference-69f8cc488d-m5cvt
2026-08-16 12:19:28.549,1668460544.0,bert-inference-69f8cc488d-9hq65
2026-08-16 12:19:28.549,1249325056.0,bert-inference-69f8cc488d-m5cvt
2026-08-16 12:19:33.549,1668440064.0,bert-inference-69f8cc488d-9hq65
2026-08-16 12:19:33.549,1249325056.0,bert-inference-69f8cc488d-m5cvt
2026-08-16 12:19:38.549,1249325056.0,bert-inference-69f8cc488d-m5cvt
2026-08-16 12:19:38.549,1668440064.0,bert-inference-69f8cc488d-9hq65
2026-08-16 12:19:43.549,1668440064.0,bert-inference-69f8cc488d-9hq65
2026-08-16 12:19:43.549,1249329152.0,bert-inference-69f8cc488d-m5cvt
2026-08-16 12:19:48.549,1668440064.0,bert-inference-69f8cc488d-9hq65
2026-08-16 12:19:48.549,1249329152.0,bert-inference-69f8cc488d-m5cvt
2026-08-16 12:19:53.549,1249329152.0,bert-inference-69f8cc488d-m5cvt
2026-08-16 12:19:53.549,1668440064.0,bert-inference-69f8cc488d-9hq65
2026-08-16 12:19:58.549,1668440064.0,bert-inference-69f8cc488d-9hq65
2026-08-16 12:19:58.549,1249325056.0,bert-inference-69f8cc488d-m5cvt
2026-08-16 12:20:03.549,1668440064.0,bert-inference-69f8cc488d-9hq65
2026-08-16 12:20:03.549,1249325056.0,bert-inference-69f8cc488d-m5cvt
2026-08-16 12:20:08.549,1668440064.0,bert-inference-69f8cc488d-9hq65
2026-08-16 12:20:08.549,1249325056.0,bert-inference-69f8cc488d-m5cvt
2026-08-16 12:20:13.549,1668440064.0,bert-inference-69f8cc488d-9hq65
2026-08-16 12:20:13.549,1249320960.0,bert-inference-69f8cc488d-m5cvt
2026-08-16 12:20:18.549,1249320960.0,bert-inference-69f8cc488d-m5cvt
2026-08-16 12:20:18.549,1668440064.0,bert-inference-69f8cc488d-9hq65
2026-08-16 12:20:23.549,1249320960.0,bert-inference-69f8cc488d-m5cvt
2026-08-16 12:20:23.549,1668440064.0,bert-inference-69f8cc488d-9hq65
2026-08-16 12:20:28.549,1249320960.0,bert-inference-69f8cc488d-m5cvt
2026-08-16 12:20:28.549,1668448256.0,bert-inference-69f8cc488d-9hq65
2026-08-16 12:20:33.549,1668448256.0,bert-inference-69f8cc488d-9hq65
2026-08-16 12:20:33.549,1249325056.0,bert-inference-69f8cc488d-m5cvt
2026-08-16 12:20:38.549,1668890624.0,bert-inference-69f8cc488d-9hq65
2026-08-16 12:20:38.549,1249325056.0,bert-inference-69f8cc488d-m5cvt
2026-08-16 12:20:43.549,1668890624.0,bert-inference-69f8cc488d-9hq65
2026-08-16 12:20:43.549,1249325056.0,bert-inference-69f8cc488d-m5cvt
2026-08-16 12:20:48.549,1668890624.0,bert-inference-69f8cc488d-9hq65
2026-08-16 12:20:48.549,1249325056.0,bert-inference-69f8cc488d-m5cvt
2026-08-16 12:20:53.549,1249325056.0,bert-inference-69f8cc488d-m5cvt
2026-08-16 12:20:53.549,1668440064.0,bert-inference-69f8cc488d-9hq65
2026-08-16 12:20:58.549,1249325056.0,bert-inference-69f8cc488d-m5cvt
2026-08-16 12:20:58.549,1668440064.0,bert-inference-69f8cc488d-9hq65
2026-08-16 12:21:03.549,1249325056.0,bert-inference-69f8cc488d-m5cvt
2026-08-16 12:21:03.549,1668440064.0,bert-inference-69f8cc488d-9hq65
2026-08-16 12:21:08.549,1668460544.0,bert-inference-69f8cc488d-9hq65
2026-08-16 12:21:08.549,1249353728.0,bert-inference-69f8cc488d-m5cvt
2026-08-16 12:21:13.549,1668460544.0,bert-inference-69f8cc488d-9hq65
2026-08-16 12:21:13.549,1249353728.0,bert-inference-69f8cc488d-m5cvt
2026-08-16 12:21:18.549,1668460544.0,bert-inference-69f8cc488d-9hq65
2026-08-16 12:21:18.549,1249583104.0,bert-inference-69f8cc488d-m5cvt
2026-08-16 12:21:23.549,1249583104.0,bert-inference-69f8cc488d-m5cvt
2026-08-16 12:21:23.549,1668460544.0,bert-inference-69f8cc488d-9hq65
2026-08-16 12:21:28.549,1249583104.0,bert-inference-69f8cc488d-m5cvt
2026-08-16 12:21:28.549,1668440064.0,bert-inference-69f8cc488d-9hq65
2026-08-16 12:21:33.549,1249837056.0,bert-inference-69f8cc488d-m5cvt
2026-08-16 12:21:33.549,1668440064.0,bert-inference-69f8cc488d-9hq65
2026-08-16 12:21:38.549,1249837056.0,bert-inference-69f8cc488d-m5cvt
2026-08-16 12:21:38.549,1668440064.0,bert-inference-69f8cc488d-9hq65
2026-08-16 12:21:43.549,1249329152.0,bert-inference-69f8cc488d-m5cvt
2026-08-16 12:21:43.549,1668440064.0,bert-inference-69f8cc488d-9hq65
2026-08-16 12:21:48.549,1668440064.0,bert-inference-69f8cc488d-9hq65
2026-08-16 12:21:48.549,1249329152.0,bert-inference-69f8cc488d-m5cvt
2026-08-16 12:21:53.549,1668440064.0,bert-inference-69f8cc488d-9hq65
2026-08-16 12:21:53.549,1249329152.0,bert-inference-69f8cc488d-m5cvt
2026-08-16 12:21:58.549,1249583104.0,bert-inference-69f8cc488d-m5cvt
2026-08-16 12:21:58.549,1668440064.0,bert-inference-69f8cc488d-9hq65
2026-08-16 12:22:03.549,1668440064.0,bert-inference-69f8cc488d-9hq65
2026-08-16 12:22:03.549,1249583104.0,bert-inference-69f8cc488d-m5cvt
2026-08-16 12:22:08.549,1249583104.0,bert-inference-69f8cc488d-m5cvt
2026-08-16 12:22:08.549,1668440064.0,bert-inference-69f8cc488d-9hq65
2026-08-16 12:22:13.549,1249574912.0,bert-inference-69f8cc488d-m5cvt
2026-08-16 12:22:13.549,1668440064.0,bert-inference-69f8cc488d-9hq65
2026-08-16 12:22:18.549,1249574912.0,bert-inference-69f8cc488d-m5cvt
2026-08-16 12:22:18.549,1668440064.0,bert-inference-69f8cc488d-9hq65
2026-08-16 12:22:23.549,1668435968.0,bert-inference-69f8cc488d-9hq65
2026-08-16 12:22:23.549,1249574912.0,bert-inference-69f8cc488d-m5cvt
2026-08-16 12:22:28.549,1249574912.0,bert-inference-69f8cc488d-m5cvt
2026-08-16 12:22:28.549,1668435968.0,bert-inference-69f8cc488d-9hq65
2026-08-16 12:22:33.549,1668435968.0,bert-inference-69f8cc488d-9hq65
2026-08-16 12:22:33.549,1249325056.0,bert-inference-69f8cc488d-m5cvt
2026-08-16 12:22:38.549,1668435968.0,bert-inference-69f8cc488d-9hq65
2026-08-16 12:22:38.549,1249325056.0,bert-inference-69f8cc488d-m5cvt
2026-08-16 12:22:43.549,1249325056.0,bert-inference-69f8cc488d-m5cvt
2026-08-16 12:22:43.549,1668440064.0,bert-inference-69f8cc488d-9hq65
2026-08-16 12:22:48.549,1249325056.0,bert-inference-69f8cc488d-m5cvt
2026-08-16 12:22:48.549,1668440064.0,bert-inference-69f8cc488d-9hq65
2026-08-16 12:22:53.549,1668440064.0,bert-inference-69f8cc488d-9hq65
2026-08-16 12:22:53.549,1249316864.0,bert-inference-69f8cc488d-m5cvt
2026-08-16 12:22:58.549,1249316864.0,bert-inference-69f8cc488d-m5cvt
2026-08-16 12:22:58.549,1668440064.0,bert-inference-69f8cc488d-9hq65
2026-08-16 12:23:03.549,1668440064.0,bert-inference-69f8cc488d-9hq65
2026-08-16 12:23:03.549,1249316864.0,bert-inference-69f8cc488d-m5cvt
2026-08-16 12:23:08.549,1668440064.0,bert-inference-69f8cc488d-9hq65
2026-08-16 12:23:08.549,1249316864.0,bert-inference-69f8cc488d-m5cvt
2026-08-16 12:23:13.549,1668440064.0,bert-inference-69f8cc488d-9hq65
2026-08-16 12:23:13.549,1249316864.0,bert-inference-69f8cc488d-m5cvt
2026-08-16 12:23:18.549,1668952064.0,bert-inference-69f8cc488d-9hq65
2026-08-16 12:23:18.549,1249570816.0,bert-inference-69f8cc488d-m5cvt
2026-08-16 12:23:23.549,1668952064.0,bert-inference-69f8cc488d-9hq65
2026-08-16 12:23:23.549,1249570816.0,bert-inference-69f8cc488d-m5cvt
2026-08-16 12:23:28.549,1668952064.0,bert-inference-69f8cc488d-9hq65
2026-08-16 12:23:28.549,1249570816.0,bert-inference-69f8cc488d-m5cvt
2026-08-16 12:23:33.549,1249570816.0,bert-inference-69f8cc488d-m5cvt
2026-08-16 12:23:33.549,1668624384.0,bert-inference-69f8cc488d-9hq65
2026-08-16 12:23:38.549,1249566720.0,bert-inference-69f8cc488d-m5cvt
2026-08-16 12:23:38.549,1668624384.0,bert-inference-69f8cc488d-9hq65
2026-08-16 12:23:43.549,1668624384.0,bert-inference-69f8cc488d-9hq65
2026-08-16 12:23:43.549,1249566720.0,bert-inference-69f8cc488d-m5cvt
2026-08-16 12:23:48.549,1249558528.0,bert-inference-69f8cc488d-m5cvt
2026-08-16 12:23:48.549,1668624384.0,bert-inference-69f8cc488d-9hq65
2026-08-16 12:23:53.549,1668440064.0,bert-inference-69f8cc488d-9hq65
2026-08-16 12:23:53.549,1249558528.0,bert-inference-69f8cc488d-m5cvt
2026-08-16 12:23:58.549,1668440064.0,bert-inference-69f8cc488d-9hq65
2026-08-16 12:23:58.549,1249558528.0,bert-inference-69f8cc488d-m5cvt
2026-08-16 12:24:03.549,1668440064.0,bert-inference-69f8cc488d-9hq65
2026-08-16 12:24:03.549,1249570816.0,bert-inference-69f8cc488d-m5cvt
2026-08-16 12:24:08.549,1668440064.0,bert-inference-69f8cc488d-9hq65
2026-08-16 12:24:08.549,1249570816.0,bert-inference-69f8cc488d-m5cvt
2026-08-16 12:24:13.549,1668440064.0,bert-inference-69f8cc488d-9hq65
2026-08-16 12:24:13.549,1249570816.0,bert-inference-69f8cc488d-m5cvt
2026-08-16 12:24:18.549,1249538048.0,bert-inference-69f8cc488d-m5cvt
2026-08-16 12:24:18.549,1668440064.0,bert-inference-69f8cc488d-9hq65
2026-08-16 12:24:23.549,1668440064.0,bert-inference-69f8cc488d-9hq65
2026-08-16 12:24:23.549,1249538048.0,bert-inference-69f8cc488d-m5cvt
2026-08-16 12:24:28.549,1249538048.0,bert-inference-69f8cc488d-m5cvt
2026-08-16 12:24:28.549,1668440064.0,bert-inference-69f8cc488d-9hq65
2026-08-16 12:24:33.549,1249538048.0,bert-inference-69f8cc488d-m5cvt
2026-08-16 12:24:33.549,1668440064.0,bert-inference-69f8cc488d-9hq65
2026-08-16 12:24:38.549,1249562624.0,bert-inference-69f8cc488d-m5cvt
2026-08-16 12:24:38.549,1668440064.0,bert-inference-69f8cc488d-9hq65
2026-08-16 12:24:43.549,1668440064.0,bert-inference-69f8cc488d-9hq65
2026-08-16 12:24:43.549,1249562624.0,bert-inference-69f8cc488d-m5cvt
2026-08-16 12:24:48.549,1668440064.0,bert-inference-69f8cc488d-9hq65
2026-08-16 12:24:48.549,1249316864.0,bert-inference-69f8cc488d-m5cvt
2026-08-16 12:24:53.549,1668669440.0,bert-inference-69f8cc488d-9hq65
2026-08-16 12:24:53.549,1249316864.0,bert-inference-69f8cc488d-m5cvt
2026-08-16 12:24:58.549,1249316864.0,bert-inference-69f8cc488d-m5cvt
2026-08-16 12:24:58.549,1668669440.0,bert-inference-69f8cc488d-9hq65
2026-08-16 12:25:03.549,1249316864.0,bert-inference-69f8cc488d-m5cvt
2026-08-16 12:25:03.549,1668669440.0,bert-inference-69f8cc488d-9hq65
2026-08-16 12:25:08.549,1668669440.0,bert-inference-69f8cc488d-9hq65
2026-08-16 12:25:08.549,1249316864.0,bert-inference-69f8cc488d-m5cvt
2026-08-16 12:25:13.549,1249316864.0,bert-inference-69f8cc488d-m5cvt
2026-08-16 12:25:13.549,1668464640.0,bert-inference-69f8cc488d-9hq65
2026-08-16 12:25:18.549,1668464640.0,bert-inference-69f8cc488d-9hq65
2026-08-16 12:25:18.549,1249316864.0,bert-inference-69f8cc488d-m5cvt
2026-08-16 12:25:23.549,1668464640.0,bert-inference-69f8cc488d-9hq65
2026-08-16 12:25:23.549,1249325056.0,bert-inference-69f8cc488d-m5cvt
2026-08-16 12:25:28.549,1668464640.0,bert-inference-69f8cc488d-9hq65
2026-08-16 12:25:28.549,1249325056.0,bert-inference-69f8cc488d-m5cvt
2026-08-16 12:25:33.549,1668464640.0,bert-inference-69f8cc488d-9hq65
2026-08-16 12:25:33.549,1249325056.0,bert-inference-69f8cc488d-m5cvt
2026-08-16 12:25:38.549,1249538048.0,bert-inference-69f8cc488d-m5cvt
2026-08-16 12:25:38.549,1668464640.0,bert-inference-69f8cc488d-9hq65
2026-08-16 12:25:43.549,1249538048.0,bert-inference-69f8cc488d-m5cvt
2026-08-16 12:25:43.549,1668464640.0,bert-inference-69f8cc488d-9hq65
2026-08-16 12:25:48.549,1668435968.0,bert-inference-69f8cc488d-9hq65
2026-08-16 12:25:48.549,1249538048.0,bert-inference-69f8cc488d-m5cvt
2026-08-16 12:25:53.549,1249337344.0,bert-inference-69f8cc488d-m5cvt
2026-08-16 12:25:53.549,1668435968.0,bert-inference-69f8cc488d-9hq65
2026-08-16 12:25:58.549,1668435968.0,bert-inference-69f8cc488d-9hq65
2026-08-16 12:25:58.549,1249337344.0,bert-inference-69f8cc488d-m5cvt
2026-08-16 12:26:03.549,1668722688.0,bert-inference-69f8cc488d-9hq65
2026-08-16 12:26:03.549,1249337344.0,bert-inference-69f8cc488d-m5cvt
2026-08-16 12:26:08.549,1668722688.0,bert-inference-69f8cc488d-9hq65
2026-08-16 12:26:08.549,1249337344.0,bert-inference-69f8cc488d-m5cvt
2026-08-16 12:26:13.549,1249316864.0,bert-inference-69f8cc488d-m5cvt
2026-08-16 12:26:13.549,1668722688.0,bert-inference-69f8cc488d-9hq65
2026-08-16 12:26:18.549,1249316864.0,bert-inference-69f8cc488d-m5cvt
2026-08-16 12:26:18.549,1668665344.0,bert-inference-69f8cc488d-9hq65
2026-08-16 12:26:23.549,1249316864.0,bert-inference-69f8cc488d-m5cvt
2026-08-16 12:26:23.549,1668665344.0,bert-inference-69f8cc488d-9hq65
2026-08-16 12:26:28.549,1668665344.0,bert-inference-69f8cc488d-9hq65
2026-08-16 12:26:28.549,1249341440.0,bert-inference-69f8cc488d-m5cvt
2026-08-16 12:26:33.549,1668665344.0,bert-inference-69f8cc488d-9hq65
2026-08-16 12:26:33.549,1249341440.0,bert-inference-69f8cc488d-m5cvt
2026-08-16 12:26:38.549,1249325056.0,bert-inference-69f8cc488d-m5cvt
2026-08-16 12:26:38.549,1668440064.0,bert-inference-69f8cc488d-9hq65
2026-08-16 12:26:43.549,1668440064.0,bert-inference-69f8cc488d-9hq65
2026-08-16 12:26:43.549,1249325056.0,bert-inference-69f8cc488d-m5cvt
2026-08-16 12:26:48.549,1668440064.0,bert-inference-69f8cc488d-9hq65
2026-08-16 12:26:48.549,1249325056.0,bert-inference-69f8cc488d-m5cvt
2026-08-16 12:26:53.549,1668440064.0,bert-inference-69f8cc488d-9hq65
2026-08-16 12:26:53.549,1249320960.0,bert-inference-69f8cc488d-m5cvt
2026-08-16 12:26:58.549,1249320960.0,bert-inference-69f8cc488d-m5cvt
2026-08-16 12:26:58.549,1668440064.0,bert-inference-69f8cc488d-9hq65
2026-08-16 12:27:03.549,1668440064.0,bert-inference-69f8cc488d-9hq65
2026-08-16 12:27:03.549,1249320960.0,bert-inference-69f8cc488d-m5cvt
2026-08-16 12:27:08.549,1249320960.0,bert-inference-69f8cc488d-m5cvt
2026-08-16 12:27:08.549,1668444160.0,bert-inference-69f8cc488d-9hq65
2026-08-16 12:27:13.549,1249546240.0,bert-inference-69f8cc488d-m5cvt
2026-08-16 12:27:13.549,1668444160.0,bert-inference-69f8cc488d-9hq65
2026-08-16 12:27:18.549,1249546240.0,bert-inference-69f8cc488d-m5cvt
2026-08-16 12:27:18.549,1668444160.0,bert-inference-69f8cc488d-9hq65
2026-08-16 12:27:23.549,1668440064.0,bert-inference-69f8cc488d-9hq65
2026-08-16 12:27:23.549,1249546240.0,bert-inference-69f8cc488d-m5cvt
2026-08-16 12:27:28.549,1668440064.0,bert-inference-69f8cc488d-9hq65
2026-08-16 12:27:28.549,1249546240.0,bert-inference-69f8cc488d-m5cvt
2026-08-16 12:27:33.549,1668440064.0,bert-inference-69f8cc488d-9hq65
2026-08-16 12:27:33.549,1249341440.0,bert-inference-69f8cc488d-m5cvt
2026-08-16 12:27:38.549,1249341440.0,bert-inference-69f8cc488d-m5cvt
2026-08-16 12:27:38.549,1668440064.0,bert-inference-69f8cc488d-9hq65
2026-08-16 12:27:43.549,1668440064.0,bert-inference-69f8cc488d-9hq65
2026-08-16 12:27:43.549,1249341440.0,bert-inference-69f8cc488d-m5cvt
2026-08-16 12:27:48.549,1249316864.0,bert-inference-69f8cc488d-m5cvt
2026-08-16 12:27:48.549,1668440064.0,bert-inference-69f8cc488d-9hq65
2026-08-16 12:27:53.549,1668440064.0,bert-inference-69f8cc488d-9hq65
2026-08-16 12:27:53.549,1249316864.0,bert-inference-69f8cc488d-m5cvt
2026-08-16 12:27:58.549,1249316864.0,bert-inference-69f8cc488d-m5cvt
2026-08-16 12:27:58.549,1668440064.0,bert-inference-69f8cc488d-9hq65
2026-08-16 12:28:03.549,1668440064.0,bert-inference-69f8cc488d-9hq65
2026-08-16 12:28:03.549,1249538048.0,bert-inference-69f8cc488d-m5cvt
2026-08-16 12:28:08.549,1249538048.0,bert-inference-69f8cc488d-m5cvt
2026-08-16 12:28:08.549,1668440064.0,bert-inference-69f8cc488d-9hq65
2026-08-16 12:28:13.549,1249538048.0,bert-inference-69f8cc488d-m5cvt
2026-08-16 12:28:13.549,1668440064.0,bert-inference-69f8cc488d-9hq65
2026-08-16 12:28:18.549,1249538048.0,bert-inference-69f8cc488d-m5cvt
2026-08-16 12:28:18.549,1668440064.0,bert-inference-69f8cc488d-9hq65
2026-08-16 12:28:23.549,1668440064.0,bert-inference-69f8cc488d-9hq65
2026-08-16 12:28:23.549,1249316864.0,bert-inference-69f8cc488d-m5cvt
2026-08-16 12:28:28.549,1249316864.0,bert-inference-69f8cc488d-m5cvt
2026-08-16 12:28:28.549,1668440064.0,bert-inference-69f8cc488d-9hq65
2026-08-16 12:28:33.549,1249320960.0,bert-inference-69f8cc488d-m5cvt
2026-08-16 12:28:33.549,1668440064.0,bert-inference-69f8cc488d-9hq65
2026-08-16 12:28:38.549,1249320960.0,bert-inference-69f8cc488d-m5cvt
2026-08-16 12:28:38.549,1668440064.0,bert-inference-69f8cc488d-9hq65
2026-08-16 12:28:43.549,1668440064.0,bert-inference-69f8cc488d-9hq65
2026-08-16 12:28:43.549,1249320960.0,bert-inference-69f8cc488d-m5cvt
2026-08-16 12:28:48.549,1249312768.0,bert-inference-69f8cc488d-m5cvt
2026-08-16 12:28:48.549,1668952064.0,bert-inference-69f8cc488d-9hq65
2026-08-16 12:28:53.549,1249312768.0,bert-inference-69f8cc488d-m5cvt
2026-08-16 12:28:53.549,1668952064.0,bert-inference-69f8cc488d-9hq65
2026-08-16 12:28:58.549,1249312768.0,bert-inference-69f8cc488d-m5cvt
2026-08-16 12:28:58.549,1668952064.0,bert-inference-69f8cc488d-9hq65
2026-08-16 12:29:03.549,1249312768.0,bert-inference-69f8cc488d-m5cvt
2026-08-16 12:29:03.549,1668665344.0,bert-inference-69f8cc488d-9hq65
2026-08-16 12:29:08.549,1249349632.0,bert-inference-69f8cc488d-m5cvt
2026-08-16 12:29:08.549,1668665344.0,bert-inference-69f8cc488d-9hq65
2026-08-16 12:29:13.549,1249349632.0,bert-inference-69f8cc488d-m5cvt
2026-08-16 12:29:13.549,1668665344.0,bert-inference-69f8cc488d-9hq65
2026-08-16 12:29:18.549,1249341440.0,bert-inference-69f8cc488d-m5cvt
2026-08-16 12:29:18.549,1668460544.0,bert-inference-69f8cc488d-9hq65
2026-08-16 12:29:23.549,1668460544.0,bert-inference-69f8cc488d-9hq65
2026-08-16 12:29:23.549,1249341440.0,bert-inference-69f8cc488d-m5cvt
2026-08-16 12:29:28.549,1249341440.0,bert-inference-69f8cc488d-m5cvt
2026-08-16 12:29:28.549,1668460544.0,bert-inference-69f8cc488d-9hq65
2026-08-16 12:29:33.549,1249312768.0,bert-inference-69f8cc488d-m5cvt
2026-08-16 12:29:33.549,1668460544.0,bert-inference-69f8cc488d-9hq65
2026-08-16 12:29:38.549,1249312768.0,bert-inference-69f8cc488d-m5cvt
2026-08-16 12:29:38.549,1668657152.0,bert-inference-69f8cc488d-9hq65
2026-08-16 12:29:43.549,1249312768.0,bert-inference-69f8cc488d-m5cvt
2026-08-16 12:29:43.549,1668657152.0,bert-inference-69f8cc488d-9hq65
2026-08-16 12:29:48.549,1668657152.0,bert-inference-69f8cc488d-9hq65
2026-08-16 12:29:48.549,1249554432.0,bert-inference-69f8cc488d-m5cvt
